#pragma once
#include <cstdint>

// Generated by scripts/gen_mountains.py from src/images/mountains.svg.
// 700x274, row-major, stride 88 bytes, MSB first,
// bit 1 = leave the pixel, bit 0 = ink. NOT pre-rotated -- drawn with
// GfxRenderer::drawMono1bpp(), which applies the orientation itself.
#define MOUNTAINS_WIDTH 700
#define MOUNTAINS_HEIGHT 274
static const uint8_t Mountains[] = {
    0xFF, 0xFF, 0xFF, 0xFF, 0xFF, 0xFF, 0xFF, 0xFF, 0xFF, 0xFF, 0xFF, 0xFF, 0xFF, 0xFF, 0xFF, 0xFF, 
    0xFF, 0xFF, 0xFF, 0xFF, 0xFF, 0xFF, 0xFF, 0xFF, 0xFF, 0xFF, 0xFF, 0xFF, 0xFF, 0xFF, 0xFF, 0xFF, 
    0xFF, 0xFF, 0xFF, 0xFF, 0xFF, 0xFF, 0xFF, 0xFF, 0xFF, 0xFF, 0xFF, 0xFF, 0xFF, 0xFF, 0xFF, 0xFF, 
    0xFF, 0xFF, 0xFF, 0xFF, 0xFF, 0xFF, 0xFF, 0xFF, 0xFF, 0xFF, 0xFF, 0xFF, 0xFF, 0xFF, 0xFF, 0xFF, 
    0xFF, 0xFF, 0xF9, 0xFF, 0xFF, 0xFF, 0xFF, 0xFF, 0xFF, 0xFF, 0xFF, 0xFF, 0xFF, 0xFF, 0xFF, 0xFF, 
    0xFF, 0xFF, 0xFF, 0xFF, 0xFF, 0xFF, 0xFF, 0xF0, 0xFF, 0xFF, 0xFF, 0xFF, 0xFF, 0xFF, 0xFF, 0xFF, 
    0xFF, 0xFF, 0xFF, 0xFF, 0xFF, 0xFF, 0xFF, 0xFF, 0xFF, 0xFF, 0xFF, 0xFF, 0xFF, 0xFF, 0xFF, 0xFF, 
    0xFF, 0xFF, 0xFF, 0xFF, 0xFF, 0xFF, 0xFF, 0xFF, 0xFF, 0xFF, 0xFF, 0xFF, 0xFF, 0xFF, 0xFF, 0xFF, 
    0xFF, 0xFF, 0xFF, 0xFF, 0xFF, 0xFF, 0xFF, 0xFF, 0xFF, 0xFF, 0xFF, 0xFF, 0xFF, 0xFF, 0xFF, 0xFF, 
    0xFF, 0xFF, 0xFF, 0xFF, 0xFF, 0xFF, 0xFF, 0xFF, 0xFF, 0xFF, 0xF0, 0xFF, 0xFF, 0xFF, 0xFF, 0xFF, 
    0xFF, 0xFF, 0xFF, 0xFF, 0xFF, 0xFF, 0xFF, 0xFF, 0xFF, 0xFF, 0xFF, 0xFF, 0xFF, 0xFF, 0xFF, 0xF0, 
    0xFF, 0xFF, 0xFF, 0xFF, 0xFF, 0xFF, 0xFF, 0xFF, 0xFF, 0xFF, 0xFF, 0xFF, 0xFF, 0xFF, 0xFF, 0xFF, 
    0xFF, 0xFF, 0xFF, 0xFF, 0xFF, 0xFF, 0xFF, 0xFF, 0xFF, 0xFF, 0xFF, 0xFF, 0xFF, 0xFF, 0xFF, 0xFF, 
    0xFF, 0xFF, 0xFF, 0xFF, 0xFF, 0xFF, 0xFF, 0xFF, 0xFF, 0xFF, 0xFF, 0xFF, 0xFF, 0xFF, 0xFF, 0xFF, 
    0xFF, 0xFF, 0xFF, 0xFF, 0xFF, 0xFF, 0xFF, 0xFF, 0xFF, 0xFF, 0xFF, 0xFF, 0xFF, 0xFF, 0xFF, 0xFF, 
    0xFF, 0xFF, 0xE0, 0x7F, 0xFF, 0xFF, 0xFF, 0xFF, 0xFF, 0xFF, 0xFF, 0xFF, 0xFF, 0xFF, 0xFF, 0xFF, 
    0xFF, 0xFF, 0xFF, 0xFF, 0xFF, 0xFF, 0xFF, 0xF0, 0xFF, 0xFF, 0xFF, 0xFF, 0xFF, 0xFF, 0xFF, 0xFF, 
    0xFF, 0xFF, 0xFF, 0xFF, 0xFF, 0xFF, 0xFF, 0xFF, 0xFF, 0xFF, 0xFF, 0xFF, 0xFF, 0xFF, 0xFF, 0xFF, 
    0xFF, 0xFF, 0xFF, 0xFF, 0xFF, 0xFF, 0xFF, 0xFF, 0xFF, 0xFF, 0xFF, 0xFF, 0xFF, 0xFF, 0xFF, 0xFF, 
    0xFF, 0xFF, 0xFF, 0xFF, 0xFF, 0xFF, 0xFF, 0xFF, 0xFF, 0xFF, 0xFF, 0xFF, 0xFF, 0xFF, 0xFF, 0xFF, 
    0xFF, 0xFF, 0xFF, 0xFF, 0xFF, 0xFF, 0xFF, 0xFF, 0xFF, 0xFF, 0xC0, 0x3F, 0xFF, 0xFF, 0xFF, 0xFF, 
    0xFF, 0xFF, 0xFF, 0xFF, 0xFF, 0xFF, 0xFF, 0xFF, 0xFF, 0xFF, 0xFF, 0xFF, 0xFF, 0xFF, 0xFF, 0xF0, 
    0xFF, 0xFF, 0xFF, 0xFF, 0xFF, 0xFF, 0xFF, 0xFF, 0xFF, 0xFF, 0xFF, 0xFF, 0xFF, 0xFF, 0xFF, 0xFF, 
    0xFF, 0xFF, 0xFF, 0xFF, 0xFF, 0xFF, 0xFF, 0xFF, 0xFF, 0xFF, 0xFF, 0xFF, 0xFF, 0xFF, 0xFF, 0xFF, 
    0xFF, 0xFF, 0xFF, 0xFF, 0xFF, 0xFF, 0xFF, 0xFF, 0xFF, 0xFF, 0xFF, 0xFF, 0xFF, 0xFF, 0xFF, 0xFF, 
    0xFF, 0xFF, 0xFF, 0xFF, 0xFF, 0xFF, 0xFF, 0xFF, 0xFF, 0xFF, 0xFF, 0xFF, 0xFF, 0xFF, 0xFF, 0xFF, 
    0xFF, 0xFF, 0x88, 0x1F, 0xFF, 0xFF, 0xFF, 0xFF, 0xFF, 0xFF, 0xFF, 0xFF, 0xFF, 0xFF, 0xFF, 0xFF, 
    0xFF, 0xFF, 0xFF, 0xFF, 0xFF, 0xFF, 0xFF, 0xF0, 0xFF, 0xFF, 0xFF, 0xFF, 0xFF, 0xFF, 0xFF, 0xFF, 
    0xFF, 0xFF, 0xFF, 0xFF, 0xFF, 0xFF, 0xFF, 0xFF, 0xFF, 0xFF, 0xFF, 0xFF, 0xFF, 0xFF, 0xFF, 0xFF, 
    0xFF, 0xFF, 0xFF, 0xFF, 0xFF, 0xFF, 0xFF, 0xFF, 0xFF, 0xFF, 0xFF, 0xFF, 0xFF, 0xFF, 0xFF, 0xFF, 
    0xFF, 0xFF, 0xFF, 0xFF, 0xFF, 0xFF, 0xFF, 0xFF, 0xFF, 0xFF, 0xFF, 0xFF, 0xFF, 0xFF, 0xFF, 0xFF, 
    0xFF, 0xFF, 0xFF, 0xFF, 0xFF, 0xFF, 0xFF, 0xFF, 0xFF, 0xFF, 0x18, 0x8F, 0xFF, 0xFF, 0xFF, 0xFF, 
    0xFF, 0xFF, 0xFF, 0xFF, 0xFF, 0xFF, 0xFF, 0xFF, 0xFF, 0xFF, 0xFF, 0xFF, 0xFF, 0xFF, 0xFF, 0xF0, 
    0xFF, 0xFF, 0xFF, 0xFF, 0xFF, 0xFF, 0xFF, 0xFF, 0xFF, 0xFF, 0xFF, 0xFF, 0xFF, 0xFF, 0xFF, 0xFF, 
    0xFF, 0xFF, 0xFF, 0xFF, 0xFF, 0xFF, 0xFF, 0xFF, 0xFF, 0xFF, 0xFF, 0xFF, 0xFF, 0xFF, 0xFF, 0xFF, 
    0xFF, 0xFF, 0xFF, 0xFF, 0xFF, 0xFF, 0xFF, 0xFF, 0xFF, 0xFF, 0xFF, 0xFF, 0xFF, 0xFF, 0xFF, 0xFF, 
    0xFF, 0xFF, 0xFF, 0xFF, 0xFF, 0xFF, 0xFF, 0xFF, 0xFF, 0xFF, 0xFF, 0xFF, 0xFF, 0xFF, 0xFF, 0xFF, 
    0xFF, 0xFE, 0x18, 0xC7, 0xFF, 0xFF, 0xFF, 0xFF, 0xFF, 0xFF, 0xFF, 0xFF, 0xFF, 0xFF, 0xFF, 0xFF, 
    0xFF, 0xFF, 0xFF, 0xFF, 0xFF, 0xFF, 0xFF, 0xF0, 0xFF, 0xFF, 0xFF, 0xFF, 0xFF, 0xFF, 0xFF, 0xFF, 
    0xFF, 0xFF, 0xFF, 0xFF, 0xFF, 0xFF, 0xFF, 0xFF, 0xFF, 0xFF, 0xFF, 0xFF, 0xFF, 0xFF, 0xFF, 0xFF, 
    0xFF, 0xCF, 0xFF, 0xFF, 0xFF, 0xFF, 0xFF, 0xFF, 0xFF, 0xFF, 0xFF, 0xFF, 0xFF, 0xFF, 0xFF, 0xFF, 
    0xFF, 0xFF, 0xFF, 0xFF, 0xFF, 0xFF, 0xFF, 0xFF, 0xFF, 0xFF, 0xFF, 0xFF, 0xFF, 0xFF, 0xFF, 0xFF, 
    0xFF, 0xFF, 0xFF, 0xFF, 0xFF, 0xFF, 0xFF, 0xFF, 0xFF, 0xFC, 0x18, 0x43, 0xFF, 0xFF, 0xFF, 0xFF, 
    0xFF, 0xFF, 0xFF, 0xFF, 0xFF, 0xFF, 0xFF, 0xFF, 0xFF, 0xFF, 0xFF, 0xFF, 0xFF, 0xFF, 0xFF, 0xF0, 
    0xFF, 0xFF, 0xFF, 0xFF, 0xFF, 0xFF, 0xFF, 0xFF, 0xFF, 0xFF, 0xFF, 0xFF, 0xFF, 0xFF, 0xFF, 0xFF, 
    0xFF, 0xFF, 0xFF, 0xFF, 0xFF, 0xFF, 0xFF, 0xFF, 0xFF, 0x87, 0xFF, 0xFF, 0xFF, 0xFF, 0xFF, 0xFF, 
    0xFF, 0xFF, 0xFF, 0xFF, 0xFF, 0xFF, 0xFF, 0xFF, 0xFF, 0xFF, 0xFF, 0xFF, 0xFF, 0xFF, 0xFF, 0xFF, 
    0xFF, 0xFF, 0xFF, 0xFF, 0xFF, 0xFF, 0xFF, 0xFF, 0xFF, 0xFF, 0xFF, 0xFF, 0xFF, 0xFF, 0xFF, 0xFF, 
    0xFF, 0xF8, 0x3C, 0xA1, 0xFF, 0xFF, 0xFF, 0xFF, 0xFF, 0xFF, 0xFF, 0xFF, 0xFF, 0xFF, 0xFF, 0xFF, 
    0xFF, 0xFF, 0xFF, 0xFF, 0xFF, 0xFF, 0xFF, 0xF0, 0xFF, 0xFF, 0xFF, 0xFF, 0xFF, 0xFF, 0xFF, 0xFF, 
    0xFF, 0xFF, 0xFF, 0xFF, 0xFF, 0xFF, 0xFF, 0xFF, 0xFF, 0xFF, 0xFF, 0xFF, 0xFF, 0xFF, 0xFF, 0xFF, 
    0xFE, 0x03, 0xFF, 0xFF, 0xFF, 0xFF, 0xFF, 0xFF, 0xFF, 0xFF, 0xFF, 0xFF, 0xFF, 0xFF, 0xFF, 0xFF, 
    0xFF, 0xFF, 0xFF, 0xFF, 0xFF, 0xFF, 0xFF, 0xFF, 0xFF, 0xFF, 0xFF, 0xFF, 0xFF, 0xFF, 0xFF, 0xFF, 
    0xFF, 0xFF, 0xFF, 0xFF, 0xFF, 0xFF, 0xFF, 0xFF, 0xFF, 0xF0, 0x7C, 0x50, 0xFF, 0xFF, 0xFF, 0xFF, 
    0xFF, 0xFF, 0xFF, 0xFF, 0xFF, 0xFF, 0xFF, 0xFF, 0xFF, 0xFF, 0xFF, 0xFF, 0xFF, 0xFF, 0xFF, 0xF0, 
    0xFF, 0xFF, 0xFF, 0xFF, 0xFF, 0xFF, 0xFF, 0xFF, 0xFF, 0xFF, 0xFF, 0xFF, 0xFF, 0xFF, 0xFF, 0xFF, 
    0xFF, 0xFF, 0xFF, 0xFF, 0xFF, 0xFF, 0xFF, 0xFF, 0xFC, 0x03, 0xFF, 0xFF, 0xFF, 0xFF, 0xFF, 0xFF, 
    0xFF, 0xFF, 0xFF, 0xFF, 0xFF, 0xFF, 0xFF, 0xFF, 0xFF, 0xFF, 0xFF, 0xFF, 0xFF, 0xFF, 0xFF, 0xFF, 
    0xFF, 0xFF, 0xFF, 0xFF, 0xFF, 0xFF, 0xFF, 0xFF, 0xFF, 0xFF, 0xFF, 0xFF, 0xFF, 0xFF, 0xFF, 0xFF, 
    0xFF, 0xE0, 0xBC, 0x00, 0x7F, 0xFF, 0xFF, 0xFF, 0xFF, 0xFF, 0xFF, 0xFF, 0xFF, 0xFF, 0xFF, 0xFF, 
    0xFF, 0xFF, 0xFF, 0xFF, 0xFF, 0xFF, 0xFF, 0xF0, 0xFF, 0xFF, 0xFF, 0xFF, 0xFF, 0xFF, 0xFF, 0xFF, 
    0xFF, 0xFF, 0xFF, 0xFF, 0xFF, 0xFF, 0xFF, 0xFF, 0xFF, 0xFF, 0xFF, 0xFF, 0xFF, 0xFF, 0xFF, 0xFF, 
    0xF8, 0xC1, 0xFF, 0xFF, 0xFF, 0xFF, 0xFF, 0xFF, 0xFF, 0xFF, 0xFF, 0xFF, 0xFF, 0xFF, 0xFF, 0xFF, 
    0xFF, 0xFF, 0xFF, 0xFF, 0xFF, 0xFF, 0xFF, 0xFF, 0xFF, 0xFF, 0xFF, 0xFF, 0xFF, 0xFF, 0xFF, 0xFF, 
    0xFF, 0xFF, 0xFF, 0xFF, 0xFF, 0xFF, 0xFF, 0xFF, 0xFF, 0xC5, 0xF8, 0x10, 0x3F, 0xFF, 0xFF, 0xFF, 
    0xFF, 0xFF, 0xFF, 0xFF, 0xFF, 0xFF, 0xFF, 0xFF, 0xFF, 0xFF, 0xFF, 0xFF, 0xFF, 0xFF, 0xFF, 0xF0, 
    0xFF, 0xFF, 0xFF, 0xFF, 0xFF, 0xFF, 0xFF, 0xFF, 0xFF, 0xFF, 0xFF, 0xFF, 0xFF, 0xFF, 0xFF, 0xFF, 
    0xFF, 0xFF, 0xFF, 0xFF, 0xFF, 0xFF, 0xFF, 0xFF, 0xF1, 0xC8, 0xFF, 0xFF, 0xFF, 0xFF, 0xFF, 0xFF, 
    0xFF, 0xFF, 0xFF, 0xFF, 0xFF, 0xFF, 0xFF, 0xFF, 0xFF, 0xFF, 0xFF, 0xFF, 0xFF, 0xFF, 0xFF, 0xFF, 
    0xFF, 0xFF, 0xFF, 0xFF, 0xFF, 0xFF, 0xFF, 0xFF, 0xFF, 0xFF, 0xFF, 0xFF, 0xFF, 0xFF, 0xFF, 0xFF, 
    0xFF, 0x8B, 0xFC, 0x80, 0x1F, 0xFF, 0xFF, 0xFF, 0xFF, 0xFF, 0xFF, 0xFF, 0xFF, 0xFF, 0xFF, 0xFF, 
    0xFF, 0xFF, 0xFF, 0xFF, 0xFF, 0xFF, 0xFF, 0xF0, 0xFF, 0xFF, 0xFF, 0xFF, 0xFF, 0xFF, 0xFF, 0xFF, 
    0xFF, 0xFF, 0xFF, 0xFF, 0xFF, 0xFF, 0xFF, 0xFF, 0xFF, 0xFF, 0xFF, 0xFF, 0xFF, 0xFF, 0xFF, 0xFF, 
    0xC3, 0xC4, 0xFF, 0xFF, 0xFF, 0xFF, 0xFF, 0xFF, 0xFF, 0xFF, 0xFF, 0xFF, 0xFF, 0xFF, 0xFF, 0xFF, 
    0xFF, 0xFF, 0xFF, 0xFF, 0xFF, 0xFF, 0xFF, 0xFF, 0xFF, 0xFF, 0xFF, 0xFF, 0xFF, 0xFF, 0xFF, 0xFF, 
    0xFF, 0xFF, 0xFF, 0xFF, 0xFF, 0xFF, 0xFF, 0xFF, 0xFF, 0x1F, 0xFC, 0x48, 0x0F, 0xFF, 0xFF, 0xFF, 
    0xFF, 0xFF, 0xFF, 0xFF, 0xFF, 0xFF, 0xFF, 0xFF, 0xFF, 0xFF, 0xFF, 0xFF, 0xFF, 0xFF, 0xFF, 0xF0, 
    0xFF, 0xFF, 0xFF, 0xFF, 0xFF, 0xFF, 0xFF, 0xFF, 0xFF, 0xFF, 0xFF, 0xFF, 0xFF, 0xFF, 0xFF, 0xFF, 
    0xFF, 0xFF, 0xFF, 0xFF, 0xFF, 0xFF, 0xFF, 0xFF, 0x8F, 0x84, 0x7F, 0xFF, 0xFF, 0xFF, 0xFF, 0xFF, 
    0xFF, 0xFF, 0xFF, 0xFF, 0xFF, 0xFF, 0xFF, 0xFF, 0xFF, 0xFF, 0xFF, 0xFF, 0xFF, 0xFF, 0xFF, 0xFF, 
    0xFF, 0xFF, 0xFF, 0xFF, 0xFF, 0xFF, 0xFF, 0xFF, 0xFF, 0xFF, 0xFF, 0xFF, 0xFF, 0xFF, 0xFF, 0xFF, 
    0xFE, 0x3F, 0xFE, 0x60, 0x07, 0xFF, 0xFF, 0xFF, 0xFF, 0xFF, 0xFF, 0xFF, 0xFF, 0xFF, 0xFF, 0xFF, 
    0xFF, 0xFF, 0xFF, 0xFF, 0xFF, 0xFF, 0xFF, 0xF0, 0xFF, 0xFF, 0xFF, 0xFF, 0xFF, 0xFF, 0xFF, 0xFF, 
    0xFF, 0xFF, 0xFF, 0xFF, 0xFF, 0xFF, 0xFF, 0xFF, 0xFF, 0xFF, 0xFF, 0xFF, 0xFF, 0xFF, 0xFF, 0xFF, 
    0x1F, 0x12, 0x3F, 0xFF, 0xFF, 0xFF, 0xFF, 0xFF, 0xFF, 0xFF, 0xFF, 0xFF, 0xFF, 0xFF, 0xFF, 0xFF, 
    0xFF, 0xFF, 0xFF, 0xFF, 0xFF, 0xFF, 0xFF, 0xFF, 0xFF, 0xFF, 0xFF, 0xFF, 0xFF, 0xFF, 0xFF, 0xFF, 
    0xFF, 0xFF, 0xFF, 0xFF, 0xFF, 0xFF, 0xFF, 0xFF, 0xFC, 0x33, 0xFE, 0x30, 0x87, 0xFF, 0xFF, 0xFF, 
    0xFF, 0xFF, 0xFF, 0xFF, 0xFF, 0xFF, 0xFF, 0xFF, 0xFF, 0xFF, 0xFF, 0xFF, 0xFF, 0xFF, 0xFF, 0xF0, 
    0xFF, 0xFF, 0xFF, 0xFF, 0xFF, 0xFF, 0xFF, 0xFF, 0xFF, 0xFF, 0xFF, 0xFF, 0xFF, 0xFF, 0xFF, 0xFF, 
    0xFF, 0xFF, 0xFF, 0xFF, 0xFF, 0xFF, 0xFF, 0xFC, 0x3E, 0x19, 0x1F, 0xFF, 0xFF, 0xFF, 0xFF, 0xFF, 
    0xFF, 0xFF, 0xFF, 0xFF, 0xFF, 0xFF, 0xFF, 0xFF, 0xFF, 0xFF, 0xFF, 0xFF, 0xFF, 0xFF, 0xFF, 0xFF, 
    0xFF, 0xFF, 0xFF, 0xFF, 0xFF, 0xFF, 0xFF, 0xFF, 0xFF, 0xFF, 0xFF, 0xFF, 0xFF, 0xFF, 0xFF, 0xFF, 
    0xF8, 0x67, 0xFF, 0x30, 0x43, 0xFF, 0xFF, 0xFF, 0xFF, 0xFF, 0xFF, 0xFF, 0xFF, 0xFF, 0xFF, 0xFF, 
    0xFF, 0xFF, 0xFF, 0xFF, 0xFF, 0xFF, 0xFF, 0xF0, 0xFF, 0xFF, 0xFF, 0xFF, 0xFF, 0xFF, 0xFF, 0xFF, 
    0xFF, 0xFF, 0xFF, 0xFF, 0xFF, 0xFF, 0xFF, 0xFF, 0xFF, 0xFF, 0xFF, 0xFF, 0xFF, 0xFF, 0xFF, 0xF8, 
    0x3E, 0x09, 0x0F, 0xFF, 0xFF, 0xFF, 0xFF, 0xFF, 0xFF, 0xFF, 0xFF, 0xFF, 0xFF, 0xFF, 0xFF, 0xFF, 
    0xFF, 0xFF, 0xFF, 0xFF, 0xFF, 0xFF, 0xFF, 0xFF, 0xFF, 0xFF, 0xFF, 0xFF, 0xFF, 0xFF, 0xFF, 0xFF, 
    0xFF, 0xFF, 0xFF, 0xFF, 0xFF, 0xFF, 0xFF, 0xFF, 0xE0, 0x67, 0xFF, 0x18, 0x01, 0xFF, 0xFF, 0xFF, 
    0xFF, 0xFF, 0xFF, 0xFF, 0xFF, 0xFF, 0xFF, 0xFF, 0xFF, 0xFF, 0xFF, 0xFF, 0xFF, 0xFF, 0xFF, 0xF0, 
    0xFF, 0xFF, 0xFF, 0xFF, 0xFF, 0xFF, 0xFF, 0xFF, 0xFF, 0xFF, 0xFF, 0xFF, 0xFF, 0xFF, 0xFF, 0xFF, 
    0xFF, 0xFF, 0xFF, 0xFF, 0xFF, 0xFF, 0xFF, 0xE0, 0x7F, 0xA4, 0x87, 0xFF, 0xFF, 0xFF, 0xFF, 0xFF, 
    0xFF, 0xFF, 0xFF, 0xFF, 0xFF, 0xFF, 0xFF, 0xFF, 0xFF, 0xFF, 0xFF, 0xFF, 0xFF, 0xFF, 0xFF, 0xFF, 
    0xFF, 0xFF, 0xFF, 0xFF, 0xFF, 0xFF, 0xFF, 0xFF, 0xFF, 0xFF, 0xFF, 0xFF, 0xFF, 0xFF, 0xFF, 0xFF, 
    0xC0, 0xEB, 0xFE, 0x0C, 0x00, 0xFF, 0xFF, 0xFF, 0xFF, 0xFF, 0xFF, 0xFF, 0xFF, 0xFF, 0xFF, 0xFF, 
    0xFF, 0xFF, 0xFF, 0xFF, 0xFF, 0xFF, 0xFF, 0xF0, 0xFF, 0xFF, 0xFF, 0xFF, 0xFF, 0xFF, 0xFF, 0xFF, 
    0xFF, 0xFF, 0xFF, 0xFF, 0xFF, 0xFF, 0xFF, 0xFF, 0xFF, 0xFF, 0xFF, 0xFF, 0xFF, 0xFF, 0xFF, 0xC4, 
    0xFF, 0x06, 0x83, 0xFF, 0xFF, 0xFF, 0xFF, 0xFF, 0xFF, 0xFF, 0xFF, 0xFF, 0xFF, 0xFF, 0xFF, 0xFF, 
    0xFF, 0xFF, 0xFF, 0xFF, 0xFF, 0xFF, 0xFF, 0xFF, 0xFF, 0xFF, 0xFF, 0xFF, 0xFF, 0xFF, 0xFF, 0xFF, 
    0xFF, 0xFF, 0xFF, 0xFF, 0xFF, 0xFF, 0xFF, 0xFF, 0x09, 0xE3, 0xFE, 0x4E, 0x50, 0x3F, 0xFF, 0xFF, 
    0xFF, 0xFF, 0xFF, 0xFF, 0xFF, 0xFF, 0xFF, 0xFF, 0xFF, 0xFF, 0xFF, 0xFF, 0xFF, 0xFF, 0xFF, 0xF0, 
    0xFF, 0xFF, 0xFF, 0xFF, 0xFF, 0xFF, 0xFF, 0xFF, 0xFF, 0xFF, 0xFF, 0xFF, 0xFF, 0xFF, 0xFF, 0xFF, 
    0xFF, 0xFF, 0xFF, 0xFF, 0xFF, 0xFF, 0xFF, 0x89, 0xFE, 0x13, 0x00, 0xFF, 0xFF, 0xFF, 0xFF, 0xFF, 
    0xFF, 0xFF, 0xFF, 0xFF, 0xFF, 0xFF, 0xFF, 0xFF, 0xFF, 0xFF, 0xFF, 0xFF, 0xFF, 0xFF, 0xFF, 0xFF, 
    0xFF, 0xFF, 0xFF, 0xFF, 0xFF, 0xFF, 0xFF, 0xFF, 0xFF, 0xFF, 0xFF, 0xFF, 0xFF, 0xFF, 0xFF, 0xF8, 
    0x11, 0xE7, 0xFC, 0x67, 0x00, 0x0F, 0xFF, 0xFF, 0xFF, 0xFF, 0xFF, 0xFF, 0xFF, 0xFF, 0xFF, 0xFF, 
    0xFF, 0xFF, 0xFF, 0xFF, 0xFF, 0xFF, 0xFF, 0xF0, 0xFF, 0xFF, 0xFF, 0xFF, 0xFF, 0xFF, 0xFF, 0xFF, 
    0xFF, 0xFF, 0xFF, 0xFF, 0xFF, 0xFF, 0xFF, 0xFF, 0xFF, 0xFF, 0xFF, 0xFF, 0xFF, 0xFF, 0xFF, 0x1B, 
    0xFC, 0x1B, 0x00, 0xFF, 0xFF, 0xFF, 0xFF, 0xFF, 0xFF, 0xFF, 0xFF, 0xFF, 0xFF, 0xFF, 0xFF, 0xFF, 
    0xFF, 0xFF, 0xFF, 0xFF, 0xFF, 0xFF, 0xFF, 0xFF, 0xFF, 0xFF, 0xFF, 0xFF, 0xFF, 0xFF, 0xFF, 0xFF, 
    0xFF, 0xFF, 0xFF, 0xFF, 0xFF, 0xFF, 0xFF, 0xE0, 0x23, 0x8F, 0xFC, 0x33, 0x88, 0x03, 0xFF, 0xFF, 
    0xFF, 0xFF, 0xFF, 0xFF, 0xFF, 0xFF, 0xFF, 0xFF, 0xFF, 0xFF, 0xFF, 0xFF, 0xFF, 0xFF, 0xFF, 0xF0, 
    0xFF, 0xFF, 0xFF, 0xFF, 0xFF, 0xFF, 0xFF, 0xFF, 0xFF, 0xFF, 0xFF, 0xFF, 0xFF, 0xFF, 0xFF, 0xFF, 
    0xFF, 0xFF, 0xFF, 0xFF, 0xFF, 0xFF, 0xFC, 0x3F, 0xFC, 0xC9, 0xC0, 0x7F, 0xFF, 0xFF, 0xFF, 0xFF, 
    0xFF, 0xFF, 0xFF, 0xFF, 0xFF, 0xFF, 0xFF, 0xFF, 0xFF, 0xFF, 0xFF, 0xFF, 0xFF, 0xFF, 0xFF, 0xFF, 
    0xFF, 0xFF, 0xFF, 0xFF, 0xFF, 0xFF, 0xFF, 0xFF, 0xFF, 0xFF, 0xFF, 0xFF, 0xFF, 0xFF, 0xFF, 0xC3, 
    0x27, 0x9F, 0xFC, 0x19, 0xCC, 0x20, 0x7F, 0xFF, 0xFF, 0xFF, 0xFF, 0xFF, 0xFF, 0xFF, 0xFF, 0xFF, 
    0xFF, 0xFF, 0xFF, 0xFF, 0xFF, 0xFF, 0xFF, 0xF0, 0xFF, 0xFF, 0xFF, 0xFF, 0xFF, 0xFF, 0xFF, 0xFF, 
    0xFF, 0xFF, 0xFF, 0xFF, 0xFF, 0xFF, 0xFF, 0xFF, 0xFF, 0xFF, 0xFF, 0xFF, 0xFF, 0xFE, 0x70, 0x7F, 
    0xF8, 0xCC, 0xE4, 0x3F, 0xFF, 0xFF, 0xFF, 0xFF, 0xFF, 0xFF, 0xFF, 0xFF, 0xFF, 0xFF, 0xFF, 0xFF, 
    0xFF, 0xFF, 0xFF, 0xFF, 0xFF, 0xFF, 0xFF, 0xFF, 0xFF, 0xFF, 0xFF, 0xFF, 0xFF, 0xFF, 0xFF, 0xFF, 
    0xFF, 0xFF, 0xFF, 0xFF, 0xFF, 0xFF, 0xFF, 0x8E, 0xCF, 0x3F, 0xFC, 0x0C, 0xC4, 0x18, 0x3F, 0xFF, 
    0xFF, 0xFF, 0xFF, 0xFF, 0xFF, 0xFF, 0xFF, 0xFF, 0xFF, 0xFF, 0xFF, 0xFF, 0xFF, 0xFF, 0xFF, 0xF0, 
    0xFF, 0xFF, 0xFF, 0xFF, 0xFF, 0xFF, 0xFF, 0xFF, 0xFF, 0xFF, 0xFF, 0xFF, 0xFF, 0xFF, 0xFF, 0xFF, 
    0xFF, 0xFF, 0xFF, 0xFF, 0xFF, 0xF8, 0x00, 0xFF, 0xF1, 0xE6, 0xF0, 0x9F, 0xFF, 0xFF, 0xFF, 0xFF, 
    0xFF, 0xFF, 0xFF, 0xFF, 0xFF, 0xFF, 0xFF, 0xFF, 0xFF, 0xFF, 0xFF, 0xFF, 0xFF, 0xFF, 0xFF, 0xFF, 
    0xFF, 0xFF, 0xFF, 0xFF, 0xFF, 0xFF, 0xFF, 0xFF, 0xFF, 0xFF, 0xFF, 0xFF, 0xFF, 0xFF, 0xFF, 0x19, 
    0xDE, 0x3F, 0xFC, 0x46, 0x66, 0x1F, 0x1F, 0xFF, 0xFF, 0xFF, 0xFF, 0xFF, 0xFF, 0xFF, 0xFF, 0xFF, 
    0xFF, 0xFF, 0xFF, 0xFF, 0xFF, 0xFF, 0xFF, 0xF0, 0xFF, 0xFF, 0xFF, 0xFF, 0xFF, 0xFF, 0xFF, 0xFF, 
    0xFF, 0xFF, 0xFF, 0xFF, 0xFF, 0xFF, 0xFF, 0xFF, 0xFF, 0xFF, 0xFF, 0xFF, 0xFF, 0xF0, 0x01, 0xFF, 
    0xE0, 0xF6, 0x72, 0x0F, 0xFF, 0xFF, 0xFF, 0xFF, 0xFF, 0xFF, 0xFF, 0xFF, 0xFF, 0xFF, 0xFF, 0xFF, 
    0xFF, 0xFF, 0xFF, 0xFF, 0xFF, 0xFF, 0xFF, 0xFF, 0xFF, 0xFF, 0xFF, 0xFF, 0xFF, 0xFF, 0xFF, 0xFF, 
    0xFF, 0xFF, 0xFF, 0xFF, 0xFF, 0xFF, 0xFE, 0x7B, 0xFE, 0x7F, 0xFC, 0x27, 0x02, 0x0F, 0x1F, 0xFF, 
    0xFF, 0xFF, 0xFF, 0xFF, 0xFF, 0xFF, 0xFF, 0xFF, 0xFF, 0xFF, 0xFF, 0xFF, 0xFF, 0xFF, 0xFF, 0xF0, 
    0xFF, 0xFF, 0xFF, 0xFF, 0xFF, 0xFF, 0xFF, 0xFF, 0xFF, 0xFF, 0xFF, 0xFF, 0xFF, 0xFF, 0xFF, 0xFF, 
    0xFF, 0xFF, 0xFF, 0xFF, 0xFF, 0xE1, 0xC3, 0xFF, 0x8C, 0x7F, 0x30, 0x47, 0xFF, 0xFF, 0xFF, 0xFF, 
    0xFF, 0xFF, 0xFF, 0xFF, 0xFF, 0xFF, 0xFF, 0xFF, 0xFF, 0xFF, 0xFF, 0xFF, 0xFF, 0xFF, 0xFF, 0xFF, 
    0xFF, 0xFF, 0xFF, 0xFF, 0xFF, 0xFF, 0xFF, 0xFF, 0xFF, 0xFF, 0xFF, 0xFF, 0xFF, 0xFF, 0xF8, 0xFF, 
    0x7C, 0xF8, 0xFC, 0x3F, 0x81, 0x0F, 0x0F, 0xFF, 0xFF, 0xFF, 0xFF, 0xFF, 0xFF, 0xFF, 0xFF, 0xFF, 
    0xFF, 0xFF, 0xFF, 0xFF, 0xFF, 0xFF, 0xFF, 0xF0, 0xFF, 0xFF, 0xFF, 0xFF, 0xFF, 0xFF, 0xFF, 0xFF, 
    0xFF, 0xFF, 0xFF, 0xFF, 0xFF, 0xFF, 0xFF, 0xFF, 0xFF, 0xFF, 0xFF, 0xFF, 0xFF, 0xC1, 0xC7, 0xFF, 
    0x0C, 0x7F, 0x91, 0x27, 0xFF, 0xFF, 0xFF, 0xFF, 0xFF, 0xFF, 0xFF, 0xFF, 0xFF, 0xFF, 0xFF, 0xFF, 
    0xFF, 0xFF, 0xFF, 0xFF, 0xFF, 0xFF, 0xFF, 0xFF, 0xFF, 0xFF, 0xFF, 0xFF, 0xFF, 0xFF, 0xFF, 0xFF, 
    0xFF, 0xFF, 0xFF, 0xFF, 0xFF, 0xFF, 0xF1, 0xFF, 0xF8, 0xF1, 0xF9, 0x1F, 0xC0, 0xC7, 0x0F, 0xFF, 
    0xFF, 0xFF, 0xFF, 0xFF, 0xFF, 0xFF, 0xFF, 0xFF, 0xFF, 0xFF, 0xFF, 0xFF, 0xFF, 0xFF, 0xFF, 0xF0, 
    0xFF, 0xFF, 0xFF, 0xFF, 0xFF, 0xFF, 0xFF, 0xFF, 0xFF, 0xFF, 0xFF, 0xFF, 0xFF, 0xFF, 0xFF, 0xFF, 
    0xFF, 0xFF, 0xFF, 0xFF, 0xFF, 0x83, 0x8F, 0xFE, 0x1C, 0x3F, 0xDC, 0x13, 0xFF, 0xFF, 0xFF, 0xFF, 
    0xFF, 0xFF, 0xFF, 0xFF, 0xFF, 0xFF, 0xFF, 0xFF, 0xFF, 0xFF, 0xFF, 0xFF, 0xFF, 0xFF, 0xFF, 0xFF, 
    0xFF, 0xFF, 0xFF, 0xFF, 0xFF, 0xFF, 0xFF, 0xFF, 0xFF, 0xFF, 0xFF, 0xFF, 0xFF, 0xFF, 0xE1, 0xFF, 
    0xF9, 0xE3, 0xF1, 0x87, 0xE0, 0x47, 0x87, 0xFF, 0xFF, 0xFF, 0xFF, 0xFF, 0xFF, 0xFF, 0xFF, 0xFF, 
    0xFF, 0xFF, 0xFF, 0xFF, 0xFF, 0xFF, 0xFF, 0xF0, 0xFF, 0xFF, 0xFF, 0xFF, 0xFF, 0xFF, 0xFF, 0xFF, 
    0xFF, 0xFF, 0xFF, 0xFF, 0xFF, 0xFF, 0xFF, 0xFF, 0xFF, 0xFF, 0xFF, 0xFF, 0xFF, 0x13, 0x9F, 0xFE, 
    0x3E, 0x1F, 0xFE, 0x89, 0xFF, 0xFF, 0xFF, 0xFF, 0xFF, 0xFF, 0xFF, 0xFF, 0xFF, 0xFF, 0xFF, 0xFF, 
    0xFF, 0xFF, 0xFF, 0xFF, 0xFF, 0xFF, 0xFF, 0xFF, 0xFF, 0xFF, 0xFF, 0xFF, 0xFF, 0xFF, 0xFF, 0xFF, 
    0xFF, 0xFF, 0xFF, 0xFF, 0xFF, 0xFF, 0xC1, 0xFF, 0xF3, 0xCF, 0xE3, 0xC3, 0xF2, 0x3F, 0xC3, 0xFF, 
    0xFF, 0xFF, 0xFF, 0xFF, 0xFF, 0xFF, 0xFF, 0xFF, 0xFF, 0xFF, 0xFF, 0xFF, 0xFF, 0xFF, 0xFF, 0xF0, 
    0xFF, 0xFF, 0xFF, 0xFF, 0xFF, 0xFF, 0xFF, 0xFF, 0xFF, 0xFF, 0xFF, 0xFF, 0xFF, 0xFF, 0xFF, 0xFF, 
    0xFF, 0xFF, 0xFF, 0xFF, 0xFE, 0x27, 0x3F, 0xFF, 0x7F, 0x0F, 0xFF, 0xC0, 0xFF, 0xFF, 0xFF, 0xFF, 
    0xFF, 0xFF, 0xFF, 0xFF, 0xFF, 0xFF, 0xFF, 0xFF, 0xFF, 0xFF, 0xFF, 0xFF, 0xFF, 0xFF, 0xFF, 0xFF, 
    0xFF, 0xFF, 0xFF, 0xFF, 0xFF, 0xFF, 0xFF, 0xFF, 0xFF, 0xFF, 0xFF, 0xFF, 0xFF, 0xFF, 0x81, 0xFF, 
    0xE3, 0x9F, 0xC7, 0xE1, 0xF9, 0x1F, 0xC1, 0xFF, 0xFF, 0xFF, 0xFF, 0xFF, 0xFF, 0xFF, 0xFF, 0xFF, 
    0xFF, 0xFF, 0xFF, 0xFF, 0xFF, 0xFF, 0xFF, 0xF0, 0xFF, 0xFF, 0xFF, 0xFF, 0xFF, 0xFF, 0xFF, 0xFF, 
    0xFF, 0xFF, 0xFF, 0xFF, 0xFF, 0xFF, 0xFF, 0xFF, 0xFF, 0xFF, 0xFF, 0xFF, 0xFC, 0x46, 0x3F, 0xFF, 
    0xFE, 0x07, 0xFF, 0xC0, 0x7F, 0xFF, 0xFF, 0xFF, 0xFF, 0xFF, 0xFF, 0xFF, 0xFF, 0xFF, 0xFF, 0xFF, 
    0xFF, 0xFF, 0xFF, 0xFF, 0xFF, 0xFF, 0xFF, 0xFF, 0xFF, 0xFF, 0xFF, 0xFF, 0xFF, 0xFF, 0xFF, 0xFF, 
    0xFF, 0xFF, 0xFF, 0xFF, 0xFF, 0xFE, 0x03, 0xFF, 0xE7, 0x3F, 0xDF, 0xE0, 0xFC, 0x9F, 0xC1, 0xFF, 
    0xFF, 0xFF, 0xFF, 0xFF, 0xFF, 0xFF, 0xFF, 0xFF, 0xFF, 0xFF, 0xFF, 0xFF, 0xFF, 0xFF, 0xFF, 0xF0, 
    0xFF, 0xFF, 0xFF, 0xFF, 0xFF, 0xFF, 0xFF, 0xFF, 0xFF, 0xFF, 0xFF, 0xFF, 0xFF, 0xFF, 0xFF, 0xFF, 
    0xFF, 0xFF, 0xFF, 0xFF, 0xF9, 0xCE, 0x7F, 0xFF, 0xFE, 0x23, 0xFF, 0x60, 0x3F, 0xFF, 0xFF, 0xFF, 
    0xFF, 0xFF, 0xFF, 0xFF, 0xFF, 0xFF, 0xFF, 0xFF, 0xFF, 0xFF, 0xFF, 0xFF, 0xFF, 0xFF, 0xFF, 0xFF, 
    0xFF, 0xFF, 0xFF, 0xFF, 0xFF, 0xFF, 0xFF, 0xFF, 0xFF, 0xFF, 0xFF, 0xFF, 0xFE, 0x30, 0x07, 0xFF, 
    0xCA, 0x7F, 0x9F, 0xE0, 0x7E, 0x8F, 0xC0, 0xFF, 0xFF, 0xFF, 0xFF, 0xFF, 0xFF, 0xFF, 0xFF, 0xFF, 
    0xFF, 0xFF, 0xFF, 0xFF, 0xFF, 0xFF, 0xFF, 0xF0, 0xFF, 0xFF, 0xFF, 0xFF, 0xFF, 0xFF, 0xFF, 0xFF, 
    0xFF, 0xFF, 0xFF, 0xFF, 0xFF, 0xFF, 0xFF, 0xFF, 0xFF, 0xFF, 0xFF, 0xFF, 0xE3, 0x8C, 0xFF, 0xFF, 
    0xFE, 0x11, 0xFF, 0x35, 0x1F, 0xFF, 0xFF, 0xFF, 0xFF, 0xFF, 0xFF, 0xFF, 0xFF, 0xFF, 0xFF, 0xFF, 
    0xFF, 0xFF, 0xFF, 0xFF, 0xFF, 0xFF, 0xFF, 0xFF, 0xFF, 0xFF, 0xFF, 0xFF, 0xFF, 0xFF, 0xFF, 0xFF, 
    0xFF, 0xFF, 0xFF, 0xFF, 0xFC, 0x00, 0x2F, 0xFF, 0x80, 0x7F, 0xFF, 0xF0, 0x1F, 0xC7, 0xE0, 0x7F, 
    0xFF, 0xFF, 0xFF, 0xFF, 0xFF, 0xFF, 0xFF, 0xFF, 0xFF, 0xFF, 0xFF, 0xFF, 0xFF, 0xFF, 0xFF, 0xF0, 
    0xFF, 0xFF, 0xFF, 0xFF, 0xFF, 0xFF, 0xFF, 0xFF, 0xFF, 0xFF, 0xFF, 0xFF, 0xFF, 0xFF, 0xFF, 0xFF, 
    0xFF, 0xFF, 0xFF, 0xFF, 0xC7, 0xCD, 0xFF, 0xFF, 0xFC, 0x09, 0xFF, 0x10, 0x8F, 0xFF, 0xFF, 0xFF, 
    0xFF, 0xFF, 0xFF, 0xFF, 0xFF, 0xFF, 0xFF, 0xFF, 0xFF, 0xFF, 0xFF, 0xFF, 0xFF, 0xFF, 0xFF, 0xFF, 
    0xFF, 0xFF, 0xFF, 0xFF, 0xFF, 0xFF, 0xFF, 0xFF, 0xFF, 0xFF, 0xFF, 0xFF, 0xF8, 0x02, 0x5F, 0xFF, 
    0x81, 0xFF, 0xFF, 0xF1, 0x0F, 0xE3, 0xE0, 0x7F, 0xFF, 0xFF, 0xFF, 0xFF, 0xFF, 0xFF, 0xFF, 0xFF, 
    0xFF, 0xFF, 0xFF, 0xFF, 0xFF, 0xFF, 0xFF, 0xF0, 0xFF, 0xFF, 0xFF, 0xFF, 0xFF, 0xFF, 0xFF, 0xFF, 
    0xFF, 0xFF, 0xFF, 0xFF, 0xFF, 0xFF, 0xFF, 0xFF, 0xFF, 0xFF, 0xFF, 0xFF, 0x8F, 0x9F, 0xFF, 0xFF, 
    0xFC, 0x04, 0xFF, 0x98, 0x43, 0xFF, 0xFF, 0xFF, 0xFF, 0xFF, 0xFF, 0xFF, 0xFF, 0xFF, 0xFF, 0xFF, 
    0xFF, 0xFF, 0xFF, 0xFF, 0xFF, 0xFF, 0xFF, 0xFF, 0xFF, 0xFF, 0xFF, 0xFF, 0xFF, 0xFF, 0xFF, 0xFF, 
    0xFF, 0xFF, 0xFF, 0xFF, 0xE2, 0x7C, 0xBF, 0xFF, 0x03, 0xFF, 0xFF, 0xF1, 0xC7, 0xF3, 0xE0, 0x3F, 
    0xFF, 0xFF, 0xFF, 0xFF, 0xFF, 0xFF, 0xFF, 0xFF, 0xFF, 0xFF, 0xFF, 0xFF, 0xFF, 0xFF, 0xFF, 0xF0, 
    0xFF, 0xFF, 0xFF, 0xFF, 0xFF, 0xFF, 0xFF, 0xFF, 0xFF, 0xFF, 0xFF, 0xFF, 0xFF, 0xFF, 0xFF, 0xFF, 
    0xFF, 0xFF, 0xFF, 0xFE, 0x1F, 0x1F, 0xFF, 0xFF, 0xF0, 0x00, 0x7F, 0xCC, 0x40, 0x7F, 0xFF, 0xFF, 
    0xFF, 0xFF, 0xFF, 0xFF, 0xFF, 0xFF, 0xFF, 0xFF, 0xFF, 0xFF, 0xFF, 0xFF, 0xFF, 0xFF, 0xFF, 0xFF, 
    0xFF, 0xFF, 0xFF, 0xFF, 0xFF, 0xFF, 0xFF, 0xFF, 0xFF, 0xFF, 0xFF, 0xFF, 0xC6, 0x08, 0xFF, 0xFE, 
    0x07, 0xFF, 0x7F, 0xE1, 0x83, 0xF9, 0xF0, 0x3F, 0xFF, 0xFF, 0xFF, 0xFF, 0xFF, 0xFF, 0xFF, 0xFF, 
    0xFF, 0xFF, 0xFF, 0xFF, 0xFF, 0xFF, 0xFF, 0xF0, 0xFF, 0xFF, 0xFF, 0xFF, 0xFF, 0xFF, 0xFF, 0xFF, 
    0xFF, 0xFF, 0xFF, 0xFF, 0xFF, 0xFF, 0xFF, 0xFF, 0xFF, 0xFF, 0xFF, 0xFC, 0x3E, 0x5F, 0xFF, 0xFF, 
    0xE1, 0x86, 0x3F, 0xE6, 0x20, 0x0F, 0xFF, 0xFF, 0xFF, 0xFF, 0xFF, 0xFF, 0xFF, 0xFF, 0xFF, 0xFF, 
    0xFF, 0xFF, 0xFF, 0xFF, 0xFF, 0xFF, 0xFF, 0xFF, 0xFF, 0xFF, 0xFF, 0xFF, 0xFF, 0xFF, 0xFF, 0xFF, 
    0xFF, 0xFF, 0xFF, 0xFF, 0xCC, 0x31, 0xFF, 0xFC, 0x0F, 0xFE, 0x7F, 0xE1, 0x91, 0xF8, 0xF0, 0x1F, 
    0xFF, 0xFF, 0xFF, 0xFF, 0xFF, 0xFF, 0xFF, 0xFF, 0xFF, 0xFF, 0xFF, 0xFF, 0xFF, 0xFF, 0xFF, 0xF0, 
    0xFF, 0xFF, 0xFF, 0xFF, 0xFF, 0xFF, 0xFF, 0xFF, 0xFF, 0xFF, 0xFF, 0xFF, 0xFF, 0xFF, 0xFF, 0xFF, 
    0xFF, 0xFF, 0xFF, 0xF8, 0xFC, 0x9F, 0xFF, 0xFF, 0x85, 0xC7, 0x3F, 0xE3, 0x32, 0x07, 0xFF, 0xFF, 
    0xFF, 0xFF, 0xFF, 0xFF, 0xFF, 0xFF, 0xFF, 0xFF, 0xFF, 0xFF, 0xFF, 0xFF, 0xFF, 0xFF, 0xFF, 0xFF, 
    0xFF, 0xFF, 0xFF, 0xFF, 0xFF, 0xFF, 0xFF, 0xFF, 0xFF, 0xFF, 0xFF, 0xFF, 0x9C, 0xF3, 0xFF, 0xFC, 
    0x1F, 0xFF, 0xFF, 0xC6, 0x98, 0xFC, 0xF0, 0x0F, 0xFF, 0xFF, 0xFF, 0xFF, 0xFF, 0xFF, 0xFF, 0xFF, 
    0xFF, 0xFF, 0xFF, 0xFF, 0xFF, 0xFF, 0xFF, 0xF0, 0xFF, 0xFF, 0xFF, 0xFF, 0xFF, 0xFF, 0xFF, 0xFF, 
    0xFF, 0xFF, 0xFF, 0xFF, 0xFF, 0xFF, 0xFF, 0xFF, 0xFF, 0xFF, 0xFF, 0xF9, 0xFD, 0x3F, 0xFF, 0xFF, 
    0x0C, 0xE3, 0x1F, 0xF3, 0x91, 0xC7, 0xFF, 0xFF, 0xFF, 0xFF, 0xFF, 0xFF, 0xFF, 0xFF, 0xFF, 0xFF, 
    0xFF, 0xFF, 0xFF, 0xFF, 0xFF, 0xFF, 0xFF, 0xFF, 0xFF, 0xFF, 0xFF, 0xFF, 0xFF, 0xFF, 0xFF, 0xFF, 
    0xFF, 0xFF, 0xFF, 0xFE, 0x38, 0xE7, 0xFF, 0xF8, 0x7F, 0xFF, 0xFF, 0x8E, 0xDC, 0x7E, 0x78, 0x47, 
    0xFF, 0xFF, 0xFF, 0xFF, 0xFF, 0xFF, 0xFF, 0xFF, 0xFF, 0xFF, 0xFF, 0xFF, 0xFF, 0xFF, 0xFF, 0xF0, 
    0xFF, 0xFF, 0xFF, 0xFF, 0xFF, 0xFF, 0xFF, 0xFF, 0xFF, 0xFF, 0xFF, 0xFF, 0xFF, 0xFF, 0xFF, 0xFF, 
    0xFF, 0xFF, 0xFF, 0xF3, 0xFF, 0x3F, 0xFF, 0xFC, 0x3D, 0xF1, 0x8F, 0xF9, 0x89, 0xE3, 0xFF, 0xFF, 
    0xFF, 0xFF, 0xFF, 0xFF, 0xFF, 0xFF, 0xFF, 0xFF, 0xFF, 0xFF, 0xFF, 0xFF, 0xFF, 0xFF, 0xFF, 0xFF, 
    0xFF, 0xFF, 0xFF, 0xFF, 0xFF, 0xFF, 0xFF, 0xFF, 0xFF, 0xFF, 0xFF, 0xFC, 0x79, 0xC7, 0xFF, 0xF1, 
    0xFF, 0xFF, 0xFF, 0x0E, 0x7C, 0x3F, 0x38, 0x01, 0xFF, 0xFF, 0xFF, 0xFF, 0xFF, 0xFF, 0xFF, 0xFF, 
    0xFF, 0xFF, 0xFF, 0xFF, 0xFF, 0xFF, 0xFF, 0xF0, 0xFF, 0xFF, 0xFF, 0xFF, 0xFF, 0xFF, 0xFF, 0xFF, 
    0xFF, 0xFF, 0xFF, 0xFF, 0xFF, 0xFF, 0xFF, 0xFF, 0xFF, 0xFF, 0xFF, 0xE3, 0xFE, 0x7F, 0xFF, 0xF8, 
    0x38, 0xF9, 0xCF, 0xF8, 0xCC, 0xF1, 0xFF, 0xFF, 0xFF, 0xFF, 0xFF, 0xFF, 0xFF, 0xFF, 0xFF, 0xFF, 
    0xFF, 0xFF, 0xFF, 0xFF, 0xFF, 0xFF, 0xFF, 0xFF, 0xFF, 0xFF, 0xFF, 0xFF, 0xFF, 0xFF, 0xFF, 0xFF, 
    0xFF, 0xE3, 0xFF, 0xF8, 0xF1, 0xCF, 0xFF, 0xE3, 0xFF, 0xFF, 0xFE, 0x04, 0x3C, 0x1F, 0x9C, 0x80, 
    0xFF, 0xFF, 0xFF, 0xFF, 0xFF, 0xFF, 0xFF, 0xFF, 0xFF, 0xFF, 0xFF, 0xFF, 0xFF, 0xFF, 0xFF, 0xF0, 
    0xFF, 0xFF, 0xFF, 0xFF, 0xFF, 0xFF, 0xFF, 0xFF, 0xFF, 0xFF, 0xF1, 0xFF, 0xFF, 0xFF, 0xFF, 0xFF, 
    0xFF, 0xFF, 0xFF, 0xC7, 0xFC, 0xFF, 0xFF, 0xF0, 0x1C, 0xFC, 0xC7, 0xFC, 0xE6, 0x38, 0xFF, 0xFF, 
    0xFF, 0xFF, 0xFF, 0xFF, 0xFF, 0xFF, 0xFF, 0xFF, 0xFF, 0xFF, 0xFF, 0xFF, 0xFF, 0xFF, 0xFF, 0xFF, 
    0xFF, 0xFF, 0xFF, 0xFF, 0xFF, 0xFF, 0xFF, 0xFF, 0xFF, 0xC1, 0xFF, 0xF0, 0xE3, 0x9F, 0xFF, 0xC7, 
    0xFF, 0xFF, 0xFC, 0x44, 0x7E, 0x0F, 0x8C, 0x40, 0x7F, 0xFF, 0xFF, 0xFF, 0xFF, 0xFF, 0xFF, 0xFF, 
    0xFF, 0xFF, 0xFF, 0xFF, 0xFF, 0xFF, 0xFF, 0xF0, 0xFF, 0xFF, 0xFF, 0xFF, 0xFF, 0xFF, 0xFF, 0xFF, 
    0xFF, 0xFF, 0xC0, 0xFF, 0xFF, 0xFF, 0xFF, 0xFF, 0xFF, 0xFF, 0xFF, 0x8F, 0xF0, 0xFF, 0xFF, 0xE0, 
    0xCE, 0x7E, 0x67, 0xFE, 0x7F, 0xFC, 0x7F, 0xFF, 0xFF, 0xFF, 0xFF, 0xFF, 0xFF, 0xFF, 0xFF, 0xFF, 
    0xFF, 0xFF, 0xFF, 0xFF, 0xFF, 0xFF, 0xFF, 0xFF, 0xFF, 0xFF, 0xFF, 0xFF, 0xFF, 0xFF, 0xFF, 0xFF, 
    0xFF, 0x80, 0xFF, 0xE3, 0xE7, 0x1F, 0xFF, 0x87, 0xFF, 0xFF, 0xF8, 0xE2, 0x7C, 0x07, 0xC6, 0x60, 
    0x1F, 0xFF, 0xFF, 0xFF, 0xFF, 0xFF, 0xFF, 0xFF, 0xFF, 0xFF, 0xFF, 0xFF, 0xFF, 0xFF, 0xFF, 0xF0, 
    0xFF, 0xFF, 0xFF, 0xFF, 0xFF, 0xFF, 0xFF, 0xFF, 0xFF, 0xFF, 0x80, 0x7F, 0xFF, 0xFF, 0xFF, 0xFF, 
    0xFF, 0xFF, 0xFE, 0x1F, 0xE1, 0xFF, 0xFF, 0xC8, 0xE7, 0x3F, 0x03, 0xFE, 0x3F, 0xFC, 0x3F, 0xFF, 
    0xFF, 0xFF, 0xFF, 0xFF, 0xFF, 0xFF, 0xFF, 0xFF, 0xFF, 0xFF, 0xFF, 0xFF, 0xFF, 0xFF, 0xFF, 0xFF, 
    0xFF, 0xFF, 0xFF, 0xFF, 0xFF, 0xFF, 0xFF, 0xFF, 0xFE, 0x24, 0x1F, 0xC7, 0xCB, 0x3F, 0xFF, 0x0F, 
    0xFF, 0xFF, 0xF1, 0xF1, 0x7C, 0x03, 0xE7, 0x20, 0x0F, 0xFF, 0xFF, 0xFF, 0xFF, 0xFF, 0xFF, 0xFF, 
    0xFF, 0xFF, 0xFF, 0xFF, 0xFF, 0xFF, 0xFF, 0xF0, 0xFF, 0xFF, 0xFF, 0xFF, 0xFF, 0xFF, 0xFF, 0xFF, 
    0xFF, 0xFE, 0x12, 0x3F, 0xFF, 0xFF, 0xFF, 0xFF, 0xFF, 0xFF, 0xF8, 0x3F, 0xC7, 0xFF, 0xFF, 0x80, 
    0x77, 0xBF, 0x13, 0xFF, 0x3F, 0xDC, 0x1F, 0xFF, 0xFF, 0xFF, 0xFF, 0xFF, 0xFF, 0xFF, 0xFF, 0xFF, 
    0xFF, 0xFF, 0xFF, 0xFF, 0xFF, 0xFF, 0xFF, 0xFF, 0xFF, 0xFF, 0xFF, 0xFF, 0xFF, 0xFF, 0xFF, 0xFF, 
    0xFC, 0x62, 0x07, 0x1F, 0xC2, 0x7F, 0xFE, 0x5F, 0xFF, 0xFF, 0xC3, 0x79, 0x3C, 0x91, 0xF3, 0x30, 
    0x47, 0xFF, 0xFF, 0xFF, 0xFF, 0xFF, 0xFF, 0xFF, 0xFF, 0xFF, 0xFF, 0xFF, 0xFF, 0xFF, 0xFF, 0xF0, 
    0xFF, 0xFF, 0xFF, 0xFF, 0xFF, 0xFF, 0xFF, 0xFF, 0xFF, 0xFC, 0x23, 0x1F, 0xFF, 0xFF, 0xFF, 0xFF, 
    0xFF, 0xFF, 0xE0, 0x7F, 0x8F, 0xFF, 0xFF, 0x00, 0x3F, 0xFF, 0x93, 0xFF, 0x9F, 0xFC, 0x8F, 0xFF, 
    0xFF, 0xFF, 0xFF, 0xFF, 0xFF, 0xFF, 0xFF, 0xFF, 0xFF, 0xFF, 0xFF, 0xFF, 0xFF, 0xFF, 0xFF, 0xFF, 
    0xFF, 0xFF, 0xFF, 0xFF, 0xFF, 0xFF, 0xFF, 0xFF, 0xF8, 0xC3, 0x00, 0x3F, 0x94, 0xFF, 0xFC, 0x9F, 
    0xFF, 0xFC, 0x06, 0x78, 0xBE, 0x48, 0xF9, 0x98, 0x20, 0xFF, 0xFF, 0xFF, 0xFF, 0xFF, 0xBF, 0xFF, 
    0xFF, 0xFF, 0xFF, 0xFF, 0xFF, 0xFF, 0xFF, 0xF0, 0xFF, 0xFF, 0xFF, 0xFF, 0xFF, 0xFF, 0xFF, 0xFF, 
    0xFF, 0xF8, 0x61, 0x8F, 0xFF, 0xFF, 0xFF, 0xFF, 0xFF, 0xFF, 0x80, 0xFF, 0x9F, 0xFF, 0xFE, 0x24, 
    0x9F, 0xFF, 0xC9, 0xFF, 0xCF, 0xFE, 0x47, 0xFF, 0xFF, 0xFF, 0xFF, 0xFF, 0xFF, 0xFF, 0xFF, 0xFF, 
    0xFF, 0xFF, 0xFF, 0xFF, 0xFF, 0xFF, 0xFF, 0xFF, 0xFF, 0xFF, 0xFF, 0xFF, 0xFF, 0xFF, 0xFF, 0xFF, 
    0xF1, 0xE3, 0x98, 0x7F, 0x29, 0xFF, 0xF9, 0x7F, 0xFF, 0xF0, 0x1F, 0x3C, 0x1E, 0x64, 0x78, 0xFC, 
    0x10, 0x0F, 0xFF, 0xFF, 0xFF, 0xFF, 0x0F, 0xFF, 0xFF, 0xFF, 0xFF, 0xFF, 0xFF, 0xFF, 0xFF, 0xF0, 
    0xFF, 0xFF, 0xFF, 0xFF, 0xFF, 0xFF, 0xFF, 0xFF, 0xFF, 0xF0, 0x61, 0x43, 0xFF, 0xFF, 0xFF, 0xFF, 
    0xFF, 0xFF, 0x01, 0xFF, 0x3F, 0xFF, 0xFC, 0x4C, 0x7F, 0xFF, 0xEC, 0xFF, 0xC7, 0xFF, 0x63, 0xFF, 
    0xFF, 0xFF, 0xFF, 0xFF, 0xFF, 0xFF, 0xFF, 0xFF, 0xFF, 0xFF, 0xFF, 0xFF, 0xFF, 0xFF, 0xFF, 0xFF, 
    0xFF, 0xFF, 0xFF, 0xFF, 0xFF, 0xFF, 0xFF, 0xFF, 0xE5, 0xE7, 0xC8, 0xFE, 0x43, 0xFF, 0xF3, 0xFF, 
    0xFF, 0xE0, 0x2F, 0xBE, 0x4C, 0x62, 0x7C, 0x7C, 0x18, 0x03, 0xFF, 0xFF, 0xFF, 0xFC, 0x07, 0xFF, 
    0xFF, 0xFF, 0xFF, 0xFF, 0xFF, 0xFF, 0xFF, 0xF0, 0xFF, 0xFF, 0xFF, 0xFF, 0xFF, 0xFF, 0xFF, 0xFF, 
    0xFF, 0xC0, 0xE4, 0xA1, 0xFF, 0xFF, 0xFC, 0x3F, 0xFF, 0xFC, 0x67, 0xFF, 0x7F, 0xFF, 0xF8, 0x9E, 
    0x07, 0xFF, 0xF8, 0x7F, 0xE3, 0xFB, 0xD1, 0xFF, 0xFF, 0xFF, 0xFF, 0xFF, 0xFF, 0xFF, 0xFF, 0xFF, 
    0xFF, 0xFF, 0xFF, 0xFF, 0xFF, 0xFF, 0xFF, 0xFF, 0xFF, 0xFF, 0xFF, 0xFF, 0xFF, 0xFF, 0xFF, 0xFF, 
    0x0F, 0xC3, 0xF1, 0xFE, 0xC7, 0xFF, 0xE7, 0xFF, 0xFF, 0xE0, 0x2B, 0xFF, 0x2C, 0x71, 0x3E, 0x38, 
    0x0C, 0x61, 0xFF, 0xFF, 0xFF, 0xF8, 0xC3, 0xFF, 0xFF, 0xFF, 0xFF, 0xFF, 0xFF, 0xFF, 0xFF, 0xF0, 
    0xFF, 0xFF, 0xFF, 0xFF, 0xFF, 0xFF, 0xFF, 0xFF, 0xFF, 0x89, 0xC6, 0x60, 0xFF, 0xFF, 0xF0, 0x1F, 
    0xFF, 0xF1, 0xCF, 0xFE, 0xFF, 0xFF, 0xF1, 0x9E, 0x01, 0xFF, 0xF8, 0x7F, 0xF1, 0xFF, 0xC8, 0xFF, 
    0xFF, 0xFF, 0xFF, 0xFF, 0xFF, 0xFF, 0xFF, 0xFF, 0xFF, 0xFF, 0xFF, 0xFF, 0xFF, 0xFF, 0xFF, 0xFF, 
    0xFF, 0xFF, 0xFF, 0xFF, 0xFF, 0xFF, 0xFF, 0xFE, 0x1F, 0x83, 0xE3, 0xFC, 0x8F, 0xFF, 0xDF, 0xFF, 
    0xFF, 0xC8, 0x8F, 0xFF, 0x98, 0x38, 0x1F, 0x1F, 0x06, 0x38, 0xFF, 0xFF, 0xFF, 0xE3, 0xC1, 0xFF, 
    0xFF, 0xFF, 0xFF, 0xFF, 0xFF, 0xFF, 0xFF, 0xF0, 0xFF, 0xFF, 0xFF, 0xFF, 0xFF, 0xFF, 0xFF, 0xFF, 
    0xFF, 0x13, 0xC7, 0x70, 0x7F, 0xFF, 0xE2, 0x0F, 0xFF, 0xE3, 0xDF, 0xFC, 0xFF, 0xFF, 0xE3, 0x7E, 
    0x00, 0xFF, 0xF9, 0x3F, 0xF8, 0xFF, 0xE4, 0x7F, 0xFF, 0xFF, 0xFF, 0xFF, 0xFF, 0xFF, 0xFF, 0xFF, 
    0xFF, 0xFF, 0xFF, 0xFF, 0xFF, 0xFF, 0xFF, 0xFF, 0xFF, 0xFF, 0xFF, 0xFF, 0xFF, 0xFF, 0xFF, 0xFC, 
    0x7F, 0x19, 0xC7, 0xFF, 0x1F, 0xFF, 0xFF, 0xFF, 0xFF, 0x88, 0xEF, 0xFF, 0x48, 0x3C, 0x1F, 0x8F, 
    0x27, 0x00, 0x7F, 0xFF, 0xFF, 0x87, 0xC0, 0xFF, 0xFF, 0xFF, 0xFF, 0xFF, 0xFF, 0xFF, 0xFF, 0xF0, 
    0xFF, 0xFF, 0xFF, 0xFF, 0xFF, 0xFF, 0xFF, 0xFF, 0xFE, 0x27, 0x87, 0xF8, 0x1F, 0xFF, 0x8E, 0x23, 
    0xFF, 0xC7, 0xFF, 0xF9, 0xFF, 0xFF, 0xE6, 0xFC, 0x60, 0x7F, 0xFC, 0x9F, 0xFC, 0x7F, 0xF6, 0x1F, 
    0xFF, 0xFF, 0xFF, 0xFF, 0xFF, 0xFF, 0xFF, 0xFF, 0xFF, 0xFF, 0xFF, 0xFF, 0xFF, 0xFF, 0xFF, 0xFF, 
    0xFF, 0xFF, 0xFF, 0xFF, 0xFF, 0xFF, 0xFF, 0xF8, 0xFE, 0x3C, 0x8F, 0xFE, 0x3F, 0xFF, 0xFF, 0xFF, 
    0xFF, 0x18, 0x7F, 0xFF, 0x24, 0xBF, 0x0F, 0xC7, 0xB3, 0xC0, 0x3F, 0xFF, 0xFE, 0x1F, 0xC4, 0x7F, 
    0xFF, 0xFF, 0xFF, 0xFF, 0xFF, 0xFF, 0xFF, 0xF0, 0xFF, 0xFF, 0xFF, 0xFF, 0xFF, 0xFF, 0xFF, 0xFF, 
    0xFC, 0x4F, 0xC7, 0xFC, 0x07, 0xFC, 0x3E, 0x10, 0xFF, 0x9F, 0xFF, 0xF3, 0xFF, 0xFF, 0xC7, 0x78, 
    0xF0, 0x3F, 0xFF, 0x9F, 0xFE, 0x3F, 0xFF, 0x07, 0xFF, 0xFF, 0xFF, 0xFF, 0xFF, 0xFF, 0xFF, 0xFF, 
    0xFF, 0xFF, 0xFF, 0xFF, 0xFF, 0xFF, 0xFF, 0xFF, 0xFF, 0xFF, 0xFF, 0xFF, 0xFF, 0xFF, 0xFF, 0xF1, 
    0xFE, 0x7F, 0x1F, 0xFC, 0x7F, 0xFF, 0xFF, 0xFF, 0xFE, 0x38, 0x3F, 0xFF, 0xB6, 0x7F, 0x4F, 0xE3, 
    0xF3, 0xF8, 0x3F, 0xFF, 0xFC, 0x3F, 0xE2, 0x3F, 0xFF, 0xFF, 0xFF, 0xFF, 0xFF, 0xFF, 0xFF, 0xF0, 
    0xFF, 0xFF, 0xFF, 0xFF, 0xFF, 0xFF, 0xFF, 0xFF, 0xF8, 0xDF, 0xC3, 0xFC, 0x01, 0xF1, 0xFF, 0x9C, 
    0x6F, 0xFF, 0xFF, 0xE3, 0xFF, 0xFF, 0x8C, 0x7B, 0xF8, 0x0F, 0xFF, 0xCF, 0xFF, 0x1F, 0xE7, 0x83, 
    0xFF, 0xFF, 0xFF, 0xFF, 0xFF, 0xFF, 0xFF, 0xFF, 0xFF, 0xFF, 0xFF, 0xFF, 0xFF, 0xFF, 0xFF, 0xFF, 
    0xFF, 0xFF, 0xFF, 0xFF, 0xFF, 0xFF, 0xFF, 0xE3, 0xF8, 0xFE, 0x3F, 0xF8, 0xFF, 0xFF, 0xFF, 0xFF, 
    0xFC, 0x78, 0x1F, 0xFF, 0xFE, 0x3F, 0xC7, 0xF1, 0xF9, 0xEC, 0x1F, 0xFF, 0xF0, 0xFF, 0xE7, 0x1F, 
    0xFF, 0xFF, 0xFF, 0xFF, 0xFF, 0xFF, 0xFF, 0xF0, 0xFF, 0xFF, 0xFF, 0xFF, 0xFF, 0xFF, 0xFF, 0xFF, 
    0xE1, 0xFF, 0x8F, 0xFE, 0x30, 0xC3, 0xFF, 0xFF, 0xC3, 0xFF, 0xFF, 0x87, 0xFF, 0xFF, 0x18, 0xFF, 
    0xF8, 0xC7, 0xFF, 0xE7, 0xFF, 0x8F, 0xF3, 0xC1, 0xFF, 0xFF, 0xFF, 0xFF, 0xFF, 0xFF, 0xFF, 0xFF, 
    0xFF, 0xFF, 0xFF, 0xFF, 0xFF, 0xFF, 0xFF, 0xFF, 0xFF, 0xFF, 0xFF, 0xFF, 0xFF, 0xFF, 0xFF, 0x87, 
    0xF1, 0xFC, 0x7F, 0xF3, 0xFF, 0xFF, 0xFF, 0xFF, 0xF8, 0xCC, 0x8F, 0xFF, 0xFF, 0x1F, 0xE7, 0xF8, 
    0x7F, 0xE6, 0x0F, 0xFF, 0xC1, 0xFF, 0xC7, 0x87, 0xFF, 0xFF, 0xFF, 0xFF, 0xFF, 0xFF, 0xFF, 0xF0, 
    0xFF, 0xFF, 0xFF, 0xFF, 0xFF, 0xFF, 0xFF, 0xFF, 0xC3, 0xFF, 0x87, 0xFF, 0xDC, 0x0F, 0xFF, 0x9F, 
    0xE1, 0xFF, 0xFF, 0x1F, 0xFF, 0xFE, 0x21, 0xFF, 0xF8, 0x63, 0xFF, 0xE7, 0xFF, 0x87, 0xF9, 0x80, 
    0xFF, 0xC3, 0xFF, 0xFF, 0xFF, 0xFF, 0xFF, 0xFF, 0xFF, 0xFF, 0xFF, 0xFF, 0xFF, 0xFF, 0xFF, 0xFF, 
    0xFF, 0xFF, 0xFF, 0xFF, 0xFF, 0xFF, 0xFF, 0x1F, 0xE2, 0xF8, 0xFF, 0xE7, 0xFF, 0xFF, 0xFF, 0xFF, 
    0xF9, 0x9C, 0x47, 0xFF, 0xFF, 0x0F, 0xE3, 0xFC, 0x1F, 0xF3, 0x4F, 0xFF, 0x07, 0xFF, 0xC7, 0xC3, 
    0xFF, 0xFF, 0xFF, 0xFF, 0xFF, 0xFF, 0xFF, 0xF0, 0xFF, 0xFF, 0xFF, 0xFF, 0xFF, 0xFF, 0xFF, 0xFF, 
    0x0F, 0xFF, 0xE3, 0xFF, 0xEE, 0x1F, 0xFF, 0x8F, 0xF8, 0xFF, 0xFE, 0x3F, 0xFF, 0xFC, 0x47, 0xFF, 
    0xF8, 0x31, 0xFF, 0xF3, 0xFF, 0x83, 0xFC, 0xC0, 0x00, 0x01, 0xFF, 0xFF, 0xFF, 0xFF, 0xFF, 0xFF, 
    0xFF, 0xFF, 0xFF, 0xFF, 0xFF, 0xFF, 0xFF, 0xFF, 0xFF, 0xFF, 0xFF, 0xFF, 0xFF, 0xFF, 0xFC, 0x3F, 
    0xCC, 0xF1, 0xFF, 0xCF, 0xFF, 0xFF, 0xFF, 0xFF, 0xF0, 0x3C, 0x61, 0xFF, 0xFF, 0x07, 0xF3, 0xFC, 
    0x1F, 0xF9, 0x27, 0xFC, 0x3F, 0xFF, 0xE3, 0xC1, 0xFF, 0xFF, 0xFF, 0xFF, 0xFF, 0xFF, 0xFF, 0xF0, 
    0xFF, 0xFF, 0xFF, 0xFF, 0xFF, 0xFF, 0xFF, 0xF8, 0x07, 0xFF, 0xE0, 0xFF, 0xF7, 0x8F, 0xFF, 0xEF, 
    0xEE, 0x3F, 0xF8, 0xFF, 0xFF, 0xF8, 0x0F, 0xFF, 0xFC, 0x98, 0x7F, 0xF3, 0xFF, 0xC1, 0xFE, 0x67, 
    0x01, 0xF0, 0xFF, 0xFF, 0xFF, 0xFF, 0xFF, 0xFF, 0xFF, 0xFF, 0xFF, 0xFF, 0xFF, 0xFF, 0xFF, 0xFF, 
    0xFF, 0xFF, 0xFF, 0xFF, 0xFE, 0xFF, 0xF8, 0xFF, 0x9F, 0xE7, 0xFF, 0x9F, 0xFF, 0xFF, 0xFF, 0xFF, 
    0xE0, 0x78, 0x30, 0xFF, 0xFF, 0x87, 0xF1, 0xFF, 0x0F, 0xFD, 0x83, 0xE1, 0xFF, 0xFF, 0xF1, 0xE0, 
    0xFF, 0xFF, 0xFF, 0xFF, 0xFF, 0xFF, 0xFF, 0xF0, 0xFF, 0xFF, 0xFF, 0xFF, 0xFF, 0xFF, 0xFF, 0xF0, 
    0x49, 0xFF, 0xE4, 0xFE, 0x6B, 0xC7, 0xFF, 0xFF, 0xFF, 0x8F, 0xF1, 0xFF, 0xFF, 0xF0, 0x3F, 0xFF, 
    0xFC, 0x9C, 0x0F, 0xFF, 0xFF, 0xE1, 0xFF, 0x33, 0x9F, 0xF8, 0x7F, 0xFF, 0xFF, 0xFF, 0xFF, 0xFF, 
    0xFF, 0xFF, 0xFF, 0xFF, 0xFF, 0xFF, 0xFF, 0xFF, 0xFF, 0xFF, 0xFF, 0xFF, 0xF8, 0x3F, 0xC1, 0xFF, 
    0xFF, 0xCF, 0xFF, 0x1F, 0xFF, 0xFF, 0xFF, 0xFF, 0xC0, 0xF8, 0x9C, 0x7F, 0xFF, 0xD3, 0xF9, 0xFF, 
    0x87, 0xFF, 0xD1, 0xCF, 0xFF, 0xFF, 0xF9, 0xB2, 0x7F, 0xFF, 0xFF, 0xFF, 0xFF, 0xFF, 0xFF, 0xF0, 
    0xFF, 0xFF, 0xFF, 0xFF, 0xFF, 0xFF, 0xFF, 0xE1, 0x93, 0xFF, 0xE6, 0x7F, 0x25, 0xE1, 0xFF, 0xFF, 
    0xFF, 0xC3, 0xE7, 0xFF, 0xFF, 0xC0, 0xFF, 0xFF, 0xFC, 0xCE, 0x03, 0xFF, 0xFF, 0xF0, 0xFF, 0x99, 
    0x8F, 0xF9, 0x3F, 0xFF, 0xFF, 0xFF, 0xFF, 0xFF, 0xFF, 0xFF, 0xFF, 0xFF, 0xFF, 0xFF, 0xFF, 0xFF, 
    0xFF, 0xFF, 0xFF, 0xFF, 0xF0, 0x03, 0x87, 0xFF, 0xFF, 0x1F, 0xFE, 0x3F, 0xFF, 0xFF, 0xFF, 0xFF, 
    0x81, 0xF4, 0x5E, 0x1F, 0xFF, 0xE9, 0xF4, 0xFC, 0xE3, 0xFF, 0xD0, 0xFF, 0xFF, 0xFF, 0xFC, 0xC9, 
    0x1F, 0xFF, 0xFF, 0xFF, 0xFF, 0xFF, 0xFF, 0xF0, 0xFF, 0xFF, 0xFF, 0xFF, 0xFF, 0xFF, 0xFF, 0x87, 
    0x37, 0xFF, 0xE3, 0xFF, 0x93, 0xF0, 0xFF, 0xFF, 0xFF, 0xF0, 0x0F, 0xFF, 0xFF, 0x89, 0xFF, 0xFF, 
    0xF0, 0x67, 0x01, 0xFF, 0xFF, 0xF8, 0x7F, 0xCC, 0x4F, 0xFC, 0x8F, 0xFF, 0xFF, 0xFF, 0xFF, 0xFF, 
    0xFF, 0xFF, 0xFF, 0xFF, 0xFF, 0xFF, 0xFF, 0xFF, 0xFF, 0xFF, 0xFF, 0xFF, 0xC0, 0xC0, 0x0F, 0xFF, 
    0xFE, 0x3F, 0xFC, 0x7F, 0xFF, 0xFF, 0xFF, 0xFF, 0x07, 0xE2, 0x7F, 0x0F, 0xFF, 0xFC, 0xF0, 0xEE, 
    0xF1, 0xFF, 0xF8, 0x7F, 0xFF, 0xFF, 0xFE, 0x24, 0x8F, 0xFF, 0xFF, 0xFF, 0xFF, 0xFF, 0xFF, 0xF0, 
    0xFF, 0xFF, 0xFF, 0xFF, 0xFF, 0xFF, 0xFE, 0x0E, 0x7F, 0xFF, 0xC3, 0xFF, 0xCB, 0xF8, 0x3F, 0xFF, 
    0xFF, 0xF8, 0x1F, 0xFF, 0xFF, 0x13, 0xFF, 0xFF, 0xE0, 0x77, 0x98, 0x7F, 0xFF, 0xFF, 0x1F, 0xF6, 
    0x27, 0xFE, 0x47, 0xFF, 0xFF, 0xFF, 0xFF, 0xFF, 0xFF, 0xFF, 0xFF, 0xFF, 0xFF, 0xFF, 0xFF, 0xFF, 
    0xFF, 0xFF, 0xFF, 0xFF, 0x8C, 0xFF, 0x1F, 0xFF, 0xFC, 0x7F, 0xF8, 0xFF, 0xFF, 0xFF, 0xFF, 0xFC, 
    0x0F, 0xC7, 0x7F, 0x8F, 0xFF, 0xFE, 0xFA, 0xE7, 0xF8, 0xFF, 0xFC, 0x3F, 0xFF, 0xFF, 0xFD, 0x12, 
    0x47, 0xFF, 0xFF, 0xFF, 0xFF, 0xFF, 0xFF, 0xF0, 0xFF, 0xFF, 0xFF, 0xFF, 0xFF, 0xFF, 0xF8, 0x1C, 
    0xFF, 0xFF, 0x8E, 0x7F, 0xE5, 0xFC, 0x07, 0xFF, 0xFF, 0xFF, 0x8F, 0xFF, 0xFE, 0x27, 0xFF, 0xFF, 
    0xC7, 0x3F, 0xCC, 0x1F, 0xFF, 0xFF, 0x8F, 0xFB, 0x13, 0xFF, 0xF0, 0x7F, 0xFF, 0xFF, 0xFF, 0xFF, 
    0xFF, 0xFF, 0xFF, 0xFF, 0xFF, 0xFF, 0xFF, 0xFF, 0xFF, 0xFF, 0xFF, 0xFE, 0x39, 0xFE, 0x3F, 0xFF, 
    0xF8, 0xFF, 0xC1, 0xFF, 0xFF, 0xFF, 0xFF, 0xF8, 0x7E, 0x03, 0xFF, 0xC7, 0xFF, 0xFF, 0xFF, 0xFF, 
    0xFC, 0x7F, 0xFC, 0x0F, 0xFF, 0xFF, 0xF8, 0x8F, 0x61, 0xF9, 0xFF, 0xFF, 0xFF, 0xFF, 0xFF, 0xF0, 
    0xFF, 0xFF, 0xFF, 0xFF, 0xFF, 0xFF, 0xF0, 0x3B, 0xFF, 0xFF, 0x8E, 0x3F, 0xF3, 0xFC, 0x01, 0xFF, 
    0xFF, 0xFF, 0xF3, 0xFF, 0xFC, 0x4F, 0xFF, 0xFF, 0x83, 0x3F, 0xCF, 0x0F, 0xFF, 0xFF, 0xC7, 0xFF, 
    0x89, 0xFF, 0x4C, 0x1F, 0xFF, 0xFF, 0xFF, 0xFF, 0xFF, 0xFF, 0xFF, 0xFF, 0xFF, 0xFF, 0xFF, 0xFF, 
    0xFF, 0xFF, 0xFF, 0xF8, 0x79, 0xDC, 0xFF, 0xFF, 0xF3, 0xFF, 0x03, 0xFF, 0xFF, 0xFF, 0xF1, 0xE1, 
    0xF8, 0x73, 0xBF, 0xE3, 0xFF, 0xFF, 0xFF, 0x3F, 0xFE, 0x3F, 0xFE, 0x47, 0xFF, 0xFF, 0xFC, 0xC7, 
    0xB0, 0x00, 0xFF, 0xFF, 0xFF, 0xFF, 0xFF, 0xF0, 0xFF, 0xFF, 0xFF, 0xFF, 0xFF, 0xFF, 0xC0, 0x7F, 
    0xFF, 0xFF, 0x0F, 0x8F, 0xF9, 0xFE, 0x10, 0xFF, 0xFF, 0xFF, 0xFD, 0xFF, 0xF8, 0x3F, 0xFF, 0xFE, 
    0x19, 0x9F, 0xE7, 0x87, 0xFF, 0xFF, 0xE3, 0xFF, 0xC4, 0xFF, 0x27, 0x0F, 0xFF, 0xFF, 0xFF, 0xFF, 
    0xFF, 0xFF, 0xFF, 0xFF, 0xFF, 0xFF, 0xFF, 0xFF, 0xFF, 0xFF, 0xFF, 0xF1, 0xFD, 0xF9, 0xFF, 0xFF, 
    0xA7, 0xFF, 0x07, 0xFF, 0xFF, 0xFF, 0xE0, 0x07, 0xE0, 0xF9, 0xFD, 0xE1, 0xFF, 0xFF, 0xDF, 0xBF, 
    0xFF, 0x1F, 0xFF, 0x23, 0xFF, 0xFF, 0xFC, 0x77, 0xD8, 0x00, 0x7F, 0xFF, 0xFF, 0xFF, 0xFF, 0xF0, 
    0xFF, 0xFF, 0xFF, 0xFF, 0xFF, 0xFF, 0x01, 0xFF, 0xFF, 0xFE, 0x0F, 0xE3, 0xFE, 0xFE, 0x4C, 0x3F, 
    0xFF, 0xFF, 0xFF, 0xFF, 0xF0, 0x7F, 0xFF, 0xF8, 0x0C, 0x9F, 0xE7, 0xC3, 0xFF, 0xFF, 0x89, 0xFF, 
    0xE0, 0x7F, 0x9F, 0xE7, 0xFF, 0xFF, 0xFF, 0xFF, 0xFF, 0xFF, 0xFF, 0xFF, 0xFF, 0xFF, 0xFF, 0xFF, 
    0xFF, 0xFF, 0xFF, 0xC3, 0xF9, 0xE3, 0xFF, 0xFF, 0x0F, 0xFE, 0x0F, 0xFF, 0xFF, 0xFF, 0xC0, 0x0F, 
    0x81, 0xF9, 0xFC, 0xF0, 0xFF, 0xFF, 0xFF, 0xFF, 0xFF, 0x8F, 0xFD, 0x30, 0xFF, 0xFF, 0xFE, 0x3F, 
    0xEC, 0xFC, 0x3F, 0xFF, 0xFF, 0xFF, 0xFF, 0xF0, 0xFF, 0xFF, 0xFF, 0xFF, 0xFF, 0xFC, 0x07, 0xFF, 
    0xFF, 0xFC, 0x5F, 0xF1, 0xFF, 0xFF, 0x3F, 0x1F, 0xFF, 0xFF, 0xFF, 0xFF, 0xE0, 0xFF, 0xFF, 0xE0, 
    0xE6, 0x5F, 0xF3, 0xC1, 0xFF, 0xFF, 0xC4, 0xFF, 0xF8, 0x3F, 0xFF, 0xF3, 0xFF, 0xFF, 0xFF, 0xFF, 
    0xFF, 0xFF, 0xFF, 0xFF, 0xFF, 0xFF, 0xFF, 0xFF, 0xFF, 0xFF, 0xFF, 0x8F, 0xF1, 0xC7, 0xFF, 0xFC, 
    0x3F, 0xFC, 0x1F, 0xFF, 0xFF, 0xFF, 0x84, 0x07, 0x0C, 0xFC, 0xFE, 0x78, 0x7F, 0xFF, 0xFF, 0xFF, 
    0xFF, 0xC7, 0xFE, 0x98, 0x7F, 0xFF, 0xFF, 0x1F, 0xF2, 0x7C, 0x0F, 0xFF, 0xFF, 0xFF, 0xFF, 0xF0, 
    0xFF, 0xFF, 0xFF, 0xFF, 0xFF, 0xF0, 0x7F, 0xFF, 0xFF, 0xF0, 0xFF, 0xFC, 0x7F, 0xFF, 0x9F, 0xC7, 
    0xFF, 0xFF, 0xFF, 0xFF, 0xC7, 0xFF, 0xFF, 0xC3, 0xF7, 0x3F, 0xF9, 0xE0, 0xFF, 0xFF, 0xF3, 0xFF, 
    0xFC, 0x1F, 0xF3, 0xF8, 0xFF, 0xFF, 0xFF, 0xFF, 0xFF, 0xFF, 0xFF, 0xFF, 0xFF, 0xFF, 0xFF, 0xFF, 
    0xFF, 0xFF, 0xFF, 0x1F, 0xF3, 0x9F, 0xFF, 0xF8, 0x7F, 0xFE, 0x3F, 0xFF, 0xFF, 0xFF, 0x0C, 0x0F, 
    0xFF, 0xFF, 0xFF, 0xFD, 0x3F, 0xFE, 0x7F, 0xFF, 0xFF, 0xE3, 0xFE, 0x48, 0x3F, 0xFF, 0xFF, 0x8F, 
    0xF9, 0x3E, 0x47, 0xFF, 0xFF, 0xFF, 0xFF, 0xF0, 0xFF, 0xFF, 0xFF, 0xFF, 0xFF, 0xC3, 0xFF, 0xFF, 
    0xFF, 0xE1, 0xFF, 0xFE, 0x3F, 0xFF, 0xFF, 0xE3, 0xFF, 0xFF, 0xFF, 0xFF, 0x1F, 0xFF, 0xFF, 0x0F, 
    0x73, 0xFF, 0xFC, 0xF0, 0xFF, 0xFF, 0xF8, 0xFF, 0xFE, 0x0F, 0xF9, 0xFC, 0x3F, 0xFF, 0xFF, 0xFF, 
    0xFF, 0xFF, 0xFF, 0xFF, 0xFF, 0xFF, 0xFF, 0xFF, 0xFF, 0xFF, 0xF8, 0x3F, 0xF6, 0x3F, 0xFF, 0xE0, 
    0xFF, 0xFC, 0x7F, 0xFF, 0xFF, 0xFE, 0x0C, 0x47, 0xFF, 0xFF, 0xFF, 0xFF, 0x1F, 0xFF, 0x3F, 0xFF, 
    0xFF, 0xF3, 0xFF, 0x24, 0x1F, 0xFF, 0xFF, 0xC7, 0xFC, 0x9F, 0x23, 0xFF, 0xFF, 0xFF, 0xFF, 0xF0, 
    0xFF, 0xFF, 0xFF, 0xFF, 0x00, 0x0F, 0xFF, 0xFF, 0xFF, 0xC1, 0xFF, 0xFF, 0x1F, 0xFF, 0xFF, 0xE9, 
    0xFF, 0xFF, 0xFE, 0xFE, 0x3F, 0xFF, 0xFE, 0x3B, 0xFB, 0xFF, 0xFE, 0x78, 0x3F, 0xFF, 0xFC, 0x7F, 
    0xFF, 0x07, 0xFC, 0xFF, 0x2B, 0xFF, 0xFF, 0xFF, 0xFF, 0xFF, 0xFF, 0xFF, 0xFF, 0xFF, 0xFF, 0xFF, 
    0xFF, 0xFF, 0xC0, 0xFF, 0xFE, 0xFF, 0xFF, 0x83, 0xFF, 0xF8, 0xFF, 0xFF, 0xFF, 0xFC, 0x18, 0x21, 
    0xFF, 0xFF, 0xFF, 0xFF, 0x8F, 0xFF, 0x9F, 0xFF, 0xFF, 0xF1, 0xFF, 0x93, 0x0F, 0xFF, 0xFF, 0xE3, 
    0xFE, 0x5F, 0x91, 0xFF, 0xFF, 0xFF, 0xFF, 0xF0, 0xFF, 0xFF, 0xFF, 0xFE, 0x00, 0x1F, 0xFF, 0xFF, 
    0xFB, 0x83, 0xFF, 0xFE, 0x4F, 0xFF, 0xFF, 0xE7, 0x9F, 0xFF, 0xF8, 0x78, 0xFF, 0xFF, 0xF8, 0x3F, 
    0xFF, 0xFF, 0xFF, 0xFC, 0x1F, 0xFF, 0xFF, 0x1F, 0xFF, 0x93, 0xFE, 0x7F, 0xF8, 0xFF, 0xFF, 0xFF, 
    0xFF, 0xFF, 0xFF, 0xFF, 0xFF, 0xFF, 0xFF, 0xFF, 0xFF, 0xFF, 0x03, 0xFF, 0xE7, 0xFF, 0xFE, 0x0F, 
    0xFF, 0xF1, 0xFF, 0xFF, 0xFF, 0xF8, 0x18, 0x10, 0xFF, 0xFF, 0xFF, 0xFF, 0xCF, 0xF8, 0x0F, 0xFF, 
    0xFF, 0xF8, 0xFF, 0xCB, 0xC7, 0xFF, 0xFF, 0xF0, 0xFF, 0x3F, 0xD8, 0xFF, 0xFF, 0xFF, 0xFF, 0xF0, 
    0xFF, 0xFF, 0xFF, 0xFC, 0x7E, 0x7F, 0xFF, 0xFF, 0xE6, 0x23, 0xFF, 0xFF, 0x23, 0xFF, 0xFF, 0xFB, 
    0x8F, 0xFF, 0xF0, 0x33, 0xFF, 0xFF, 0xE0, 0x1F, 0xFE, 0xFF, 0xFF, 0xFE, 0x07, 0xFF, 0xFF, 0x8F, 
    0xFF, 0xD8, 0xFF, 0x3F, 0xFC, 0x7F, 0xFF, 0xFF, 0xFF, 0xFF, 0xFF, 0xFF, 0xFF, 0xFF, 0xFF, 0xFF, 
    0xFF, 0xFE, 0x3F, 0xFF, 0x8F, 0xFF, 0xFC, 0x3F, 0xFF, 0xC3, 0xFF, 0xFF, 0xFF, 0xE2, 0x3F, 0x0C, 
    0x7F, 0xFF, 0xFF, 0xFF, 0xE7, 0xFF, 0x07, 0xFF, 0xFF, 0xFC, 0x7F, 0xE5, 0xE7, 0xFF, 0xFF, 0xF0, 
    0x7D, 0xFF, 0xCC, 0x7F, 0xFF, 0xFF, 0xFF, 0xF0, 0xFF, 0xFF, 0xFF, 0xF8, 0x8C, 0xFF, 0xFF, 0xFF, 
    0xCC, 0x67, 0xFF, 0xFF, 0x31, 0xFF, 0xFF, 0xFF, 0xFF, 0xFF, 0xE0, 0x1F, 0xFF, 0xFF, 0x87, 0x1F, 
    0xFF, 0xFF, 0x7F, 0xFE, 0x01, 0xFF, 0xFF, 0xE7, 0xFF, 0xFC, 0x7F, 0xFF, 0xFE, 0x1F, 0xFF, 0xFF, 
    0xFF, 0xFF, 0xFF, 0xFF, 0xFF, 0xFF, 0xFF, 0xFF, 0xFF, 0xFC, 0xFF, 0xFF, 0x1F, 0xFF, 0xF0, 0xFF, 
    0xFF, 0x8F, 0xFF, 0xFF, 0xFF, 0xC6, 0x7F, 0x0E, 0x3F, 0xFF, 0xFF, 0xFF, 0xD3, 0xFF, 0x83, 0xFF, 
    0xFF, 0xFE, 0x3F, 0xF6, 0xF3, 0xFF, 0xFF, 0xFA, 0x3F, 0xFF, 0xEE, 0x1F, 0xFF, 0xFF, 0xFF, 0xF0, 
    0xFF, 0xFF, 0xFF, 0xE3, 0xF9, 0xFF, 0xFF, 0xFF, 0x19, 0xCF, 0xFF, 0xFF, 0xBC, 0xFF, 0xFF, 0xFF, 
    0xFF, 0xFF, 0x80, 0x0F, 0xFF, 0xFE, 0x1E, 0x5F, 0xFF, 0xEF, 0x7F, 0xFF, 0x10, 0xFF, 0xFF, 0xF3, 
    0xFF, 0xFE, 0x3F, 0xFF, 0xFF, 0x8F, 0xFF, 0xFF, 0xFF, 0xFF, 0xFF, 0xFF, 0xFF, 0xFF, 0xFF, 0xFF, 
    0xFF, 0xF1, 0xFF, 0xFE, 0x7F, 0xFF, 0xC3, 0xFF, 0xFE, 0x1F, 0xFF, 0xFF, 0xFF, 0x8C, 0xFC, 0x0F, 
    0x0F, 0xFF, 0xFF, 0xFF, 0xF3, 0xFF, 0xC1, 0xFF, 0xFF, 0xFF, 0x3F, 0xFF, 0xF1, 0xFF, 0xFF, 0xF9, 
    0x1F, 0xFF, 0xFE, 0x0F, 0xFF, 0xFF, 0xFF, 0xF0, 0xFF, 0xFF, 0xFF, 0xC7, 0xF3, 0xFF, 0xFF, 0xFE, 
    0x23, 0x8F, 0xFF, 0xFF, 0x9F, 0x1F, 0xFF, 0xFF, 0xFF, 0xFF, 0x00, 0x47, 0xFF, 0xFC, 0x3E, 0xFB, 
    0xFF, 0xFF, 0xBF, 0xFF, 0x9C, 0x3F, 0xFF, 0xFD, 0xFF, 0xFF, 0x8F, 0xFF, 0xFF, 0xC3, 0xF3, 0xF7, 
    0xFF, 0xFF, 0xFF, 0xFF, 0xFF, 0xFF, 0xFF, 0xFF, 0xFF, 0xE3, 0xFF, 0xFF, 0xFF, 0xFF, 0x87, 0xFF, 
    0xF8, 0x3F, 0xFF, 0xFF, 0xFF, 0x18, 0xF8, 0x07, 0x87, 0xFF, 0xFF, 0xFF, 0xFD, 0xFF, 0xF0, 0xFF, 
    0xFF, 0xFF, 0x9F, 0xFF, 0xF9, 0xFF, 0xFF, 0xFC, 0xC7, 0xFF, 0xFD, 0x07, 0xFF, 0xFF, 0xFF, 0xF0, 
    0xFF, 0xFF, 0xFF, 0x8F, 0xFF, 0xFF, 0xFF, 0xFC, 0x4F, 0x8F, 0xFF, 0xFF, 0xFF, 0xC3, 0xFF, 0xFF, 
    0xFF, 0xFE, 0x03, 0x31, 0xFF, 0xF8, 0xFF, 0xFF, 0xFF, 0xFD, 0x9F, 0xFF, 0xC9, 0x0F, 0xFF, 0xFF, 
    0xFF, 0xFF, 0xC7, 0xFF, 0xFF, 0xF1, 0xFF, 0x33, 0xFF, 0xFF, 0xFF, 0xFF, 0xFF, 0xFF, 0xFF, 0xFF, 
    0xFF, 0xC7, 0xFF, 0xFF, 0xFF, 0xFF, 0x1F, 0xFF, 0xF0, 0xFF, 0xFF, 0xFF, 0xFE, 0x39, 0xFF, 0x07, 
    0xE3, 0xFF, 0xFF, 0xFF, 0xFC, 0x7F, 0xFC, 0x7F, 0xFF, 0xFF, 0xCF, 0xFF, 0xFC, 0x7F, 0xFF, 0xFE, 
    0x61, 0xFF, 0xFF, 0x93, 0xFF, 0xFF, 0xFF, 0xF0, 0xFF, 0xFF, 0xFF, 0x1F, 0xFF, 0xFF, 0xFF, 0xF1, 
    0x7F, 0x0F, 0xFF, 0xFF, 0xDF, 0xF8, 0xFF, 0xFF, 0xFF, 0xFC, 0x01, 0xB8, 0xFF, 0xE1, 0xFF, 0xFF, 
    0x3F, 0xFC, 0x4F, 0xFF, 0xE4, 0x41, 0xFF, 0xFF, 0xFF, 0xFF, 0xE1, 0xFF, 0xFF, 0xFE, 0x7F, 0xFC, 
    0xFF, 0xFF, 0xFF, 0xFF, 0xFF, 0xFF, 0xFF, 0xFF, 0xFF, 0x9F, 0xFF, 0xFF, 0xFF, 0xFC, 0x3F, 0xFF, 
    0xE1, 0xFF, 0xFF, 0xFF, 0xFC, 0x73, 0xFF, 0xCE, 0xF0, 0x3F, 0xFF, 0xFF, 0xFE, 0x7F, 0xFE, 0x3F, 
    0xFF, 0xFF, 0xE7, 0xFF, 0xFC, 0x3F, 0xFF, 0xFF, 0x78, 0xFF, 0xFF, 0xD8, 0xFF, 0xFF, 0xFF, 0xF0, 
    0xFF, 0xFF, 0xFC, 0x7E, 0x7F, 0xFF, 0xFF, 0xE3, 0x7F, 0x3F, 0xFF, 0xFF, 0xEF, 0xFC, 0xFF, 0xFF, 
    0xFF, 0xF0, 0x02, 0x9C, 0x7F, 0x07, 0xFF, 0xFF, 0x9F, 0xFE, 0x0F, 0xFF, 0xF2, 0x38, 0x3F, 0xFF, 
    0xFF, 0xFF, 0xF8, 0xFF, 0xFF, 0xFF, 0x7F, 0xFE, 0x7F, 0xFF, 0xFF, 0xFF, 0xFF, 0xFF, 0xFF, 0xFF, 
    0xFE, 0x3F, 0xFF, 0xFF, 0xFF, 0xF8, 0xFF, 0xFF, 0x83, 0xFF, 0xFF, 0xFF, 0xF0, 0xE3, 0xFF, 0xC6, 
    0xF8, 0x0F, 0xFF, 0xFF, 0xFF, 0x3F, 0xFF, 0x1F, 0xFF, 0xFF, 0xFF, 0xFF, 0xFE, 0x0F, 0xFF, 0xFF, 
    0x3E, 0x3F, 0xFF, 0xFC, 0x9F, 0xFF, 0xFF, 0xF0, 0xFF, 0xFF, 0xF8, 0xFD, 0xFF, 0xFF, 0xFF, 0xC7, 
    0xFF, 0x7F, 0x7F, 0xFF, 0xFF, 0xFF, 0xFF, 0xFF, 0xFF, 0xE0, 0x01, 0x4E, 0x1C, 0x3F, 0xFF, 0xFF, 
    0x9F, 0xFF, 0x27, 0xFF, 0xFF, 0x8E, 0x1F, 0xFF, 0xFF, 0xFF, 0xFC, 0x7F, 0xFF, 0xFF, 0xFF, 0xFF, 
    0xFF, 0xFF, 0xFF, 0xFF, 0xFF, 0xFF, 0xFF, 0xFF, 0xFC, 0x7F, 0xFF, 0xFF, 0xFF, 0xF1, 0xFF, 0xFF, 
    0x07, 0xFF, 0xFF, 0xFF, 0xE1, 0x07, 0xFF, 0xC7, 0xFF, 0x07, 0xFF, 0xFF, 0xFF, 0xBF, 0xFF, 0x8F, 
    0xFF, 0xFF, 0xFD, 0xFF, 0xFF, 0x87, 0xFF, 0xFF, 0x9F, 0x00, 0xFF, 0xFE, 0x87, 0xFF, 0xFF, 0xF0, 
    0xFF, 0xFF, 0xF1, 0xFF, 0xFF, 0xFF, 0xFF, 0x8F, 0xFF, 0xFF, 0xBF, 0xFF, 0xFF, 0xFF, 0xC7, 0xFF, 
    0xFF, 0x82, 0x00, 0xC6, 0x04, 0xFF, 0xFF, 0xFF, 0xCF, 0xFF, 0xF3, 0xFF, 0xFF, 0xC7, 0x87, 0xFF, 
    0xFF, 0xFF, 0xFE, 0x1F, 0xFF, 0xFF, 0xFF, 0xFF, 0xFF, 0xFF, 0xFF, 0xFF, 0xFF, 0xFF, 0xFF, 0xFF, 
    0xF1, 0xFF, 0xFF, 0xFF, 0xFF, 0xC5, 0x7F, 0xFE, 0x1F, 0xFF, 0xFF, 0xFF, 0xC2, 0x0F, 0xFF, 0x87, 
    0x3F, 0xC3, 0xFF, 0xFF, 0xFF, 0xFF, 0xFF, 0x83, 0xFF, 0xFF, 0xFE, 0xFF, 0xFF, 0xE1, 0xFF, 0xFF, 
    0xDF, 0xC0, 0x3F, 0xFF, 0xC1, 0x7F, 0xFF, 0xF0, 0xFF, 0xFF, 0xC7, 0xFF, 0xFF, 0xFF, 0xFC, 0x3F, 
    0xFE, 0xFF, 0xDF, 0xFF, 0xFF, 0xFF, 0xE3, 0xFF, 0xFF, 0x04, 0x04, 0x63, 0x01, 0xFF, 0xFF, 0xFF, 
    0xFF, 0xFF, 0xF1, 0xFF, 0xFB, 0xA7, 0xE3, 0xFF, 0xFF, 0xFF, 0xFF, 0x87, 0xFF, 0xFF, 0xFF, 0xFF, 
    0xFF, 0xFF, 0xFF, 0xFF, 0xFF, 0xFF, 0xFF, 0xFF, 0xC7, 0xFF, 0xFF, 0xFF, 0xFF, 0x88, 0x7F, 0xFC, 
    0x7F, 0xFF, 0xFF, 0xFF, 0x00, 0x0F, 0xFF, 0x83, 0x96, 0xE1, 0xFF, 0xFF, 0xFF, 0xEF, 0xFF, 0xC1, 
    0xFF, 0xFF, 0xFF, 0xFF, 0xFF, 0xC8, 0x7F, 0xFF, 0xFF, 0xFE, 0x0F, 0xFF, 0xF8, 0x1F, 0xFF, 0xF0, 
    0xFF, 0xFF, 0x8F, 0xFF, 0xFF, 0xFF, 0xF8, 0x7F, 0xFF, 0xFF, 0xFF, 0xFF, 0xFF, 0xFF, 0xFF, 0xFF, 
    0xFC, 0x09, 0x06, 0x23, 0x10, 0x1F, 0xFF, 0xFF, 0xFF, 0xFF, 0xFC, 0xFF, 0xFF, 0xD3, 0xF1, 0xFF, 
    0xFF, 0xFF, 0xFF, 0xE3, 0xFF, 0xFF, 0xFF, 0xFF, 0xFE, 0x3F, 0xFF, 0xFF, 0xFF, 0xFF, 0xFF, 0xFF, 
    0x8F, 0xFF, 0xFF, 0xFF, 0xFF, 0x00, 0xFF, 0xF8, 0xFF, 0xFF, 0xFF, 0xFC, 0x00, 0x1E, 0xFF, 0x91, 
    0xCA, 0x60, 0xFF, 0xFF, 0xFF, 0xE7, 0xFF, 0xE0, 0x7F, 0xFF, 0xFF, 0xFF, 0xFF, 0xE6, 0x1F, 0xFF, 
    0xFF, 0xFC, 0x87, 0xFF, 0xFF, 0x87, 0xFF, 0xF0, 0xFF, 0xFE, 0x3F, 0xFF, 0xFF, 0xFF, 0xE1, 0xFF, 
    0xFF, 0xFF, 0xFF, 0xFF, 0xFF, 0xFF, 0xFF, 0xFF, 0xF0, 0x1E, 0x07, 0xA1, 0x8C, 0x07, 0xFF, 0xFF, 
    0xFB, 0xFF, 0xFE, 0x7F, 0xFF, 0xC7, 0xF8, 0xFF, 0xFF, 0xFF, 0xFF, 0xF0, 0xFF, 0xFF, 0xFF, 0xFF, 
    0xFF, 0xBF, 0xFF, 0xFF, 0xFF, 0xFF, 0xFF, 0xFE, 0x3F, 0xFF, 0xFF, 0xFF, 0xFC, 0x03, 0xFF, 0xFB, 
    0xFF, 0xFF, 0xFF, 0xF0, 0x09, 0x3C, 0xFF, 0x08, 0x65, 0x30, 0x3F, 0xFF, 0xFF, 0xFF, 0xFF, 0xF0, 
    0x1F, 0xFF, 0xFF, 0xFF, 0xFF, 0xFF, 0x07, 0xFF, 0xFF, 0xFE, 0x63, 0xFF, 0xFF, 0xE3, 0xFF, 0xF0, 
    0xFF, 0xFC, 0x7F, 0xFF, 0xFF, 0xFF, 0x03, 0xFF, 0xFF, 0xFF, 0xFF, 0xFF, 0xFF, 0xFF, 0xFF, 0x9F, 
    0xC0, 0x3C, 0x07, 0xF8, 0xC3, 0xC3, 0xFF, 0xFF, 0xFF, 0xFF, 0xFD, 0x3F, 0xFF, 0xE3, 0xFE, 0x7F, 
    0xFF, 0xFF, 0xFF, 0xFC, 0x7F, 0xFF, 0xFF, 0xFF, 0xFF, 0xFF, 0xFF, 0xFF, 0xFF, 0xFF, 0xFF, 0xFC, 
    0x7F, 0xFF, 0xFF, 0xFF, 0xF8, 0x0F, 0xFF, 0xFF, 0xFF, 0xFF, 0xFF, 0xC1, 0x12, 0x78, 0xFF, 0x2C, 
    0x36, 0xB8, 0x1F, 0xFF, 0xFF, 0xFF, 0xFF, 0xF0, 0x07, 0xFF, 0xFF, 0xFF, 0xFF, 0xFF, 0xC3, 0xFF, 
    0xFF, 0xFF, 0x99, 0xFF, 0xFF, 0xF9, 0xFF, 0xF0, 0xFF, 0xF1, 0xFF, 0xFF, 0xFF, 0xF0, 0x1F, 0xFF, 
    0xFF, 0x7B, 0xFF, 0xFF, 0xFF, 0xFF, 0xFF, 0xDF, 0x80, 0x3C, 0x47, 0xFC, 0x40, 0xF1, 0xFF, 0xFF, 
    0xFF, 0xFF, 0xFC, 0x8F, 0xFF, 0xF1, 0xFF, 0x1F, 0xFF, 0xFF, 0xFF, 0xFF, 0x3F, 0xFF, 0xFF, 0xFF, 
    0xFF, 0xFF, 0xFF, 0xFF, 0xFF, 0xFF, 0xFF, 0xF1, 0xFF, 0xFF, 0xFF, 0xFF, 0xE0, 0xFF, 0xFF, 0xFF, 
    0xFF, 0xFF, 0xFF, 0x06, 0x20, 0x79, 0xFE, 0x0D, 0x1F, 0x7C, 0x83, 0xFF, 0xFF, 0xFF, 0xFF, 0xF8, 
    0x03, 0xFF, 0xFF, 0xFF, 0xFF, 0xFF, 0xE1, 0xFF, 0xFF, 0xFF, 0xDC, 0xFF, 0xFF, 0xFF, 0xFF, 0xF0, 
    0xFF, 0xE3, 0xFF, 0xFF, 0xFF, 0xC1, 0xCF, 0xFF, 0xFE, 0xFD, 0xFF, 0xFF, 0xFF, 0xFF, 0xFF, 0xFC, 
    0x01, 0x3C, 0x41, 0xFF, 0x60, 0xF8, 0x7F, 0xFF, 0xFF, 0xFF, 0xFE, 0xC7, 0xFF, 0xF8, 0xFF, 0x87, 
    0xFF, 0xFF, 0xFF, 0xFF, 0xFF, 0xFF, 0xFF, 0xFF, 0xFF, 0xFF, 0xFF, 0xFF, 0xFF, 0xFF, 0xFF, 0xE3, 
    0xFF, 0xFF, 0xFF, 0xFF, 0x83, 0xFF, 0xFF, 0xFF, 0xFF, 0xFF, 0xFC, 0x1C, 0xC0, 0xF9, 0xFC, 0x4F, 
    0xCF, 0xEE, 0x41, 0xFF, 0xFF, 0xFF, 0xFF, 0xFC, 0x30, 0xFF, 0xFF, 0xFF, 0xFF, 0xFF, 0xF8, 0xFF, 
    0xFF, 0xFF, 0xFE, 0x3F, 0xFF, 0xFF, 0x7F, 0xF0, 0xFF, 0x1F, 0xFF, 0xFF, 0xFF, 0x0F, 0x9F, 0xFF, 
    0xFF, 0xFE, 0xFF, 0xFF, 0xFF, 0xFF, 0xF0, 0x00, 0x06, 0x78, 0xF0, 0x7F, 0xF0, 0x78, 0x3F, 0xFF, 
    0xFF, 0xFF, 0xFF, 0x67, 0xFF, 0xFC, 0x7F, 0xE0, 0x1F, 0xFF, 0xFF, 0xFF, 0xF1, 0xFF, 0xFF, 0xFF, 
    0xFF, 0xFF, 0xFF, 0xFF, 0xFF, 0xFF, 0xFE, 0x0F, 0xFF, 0xFF, 0xFF, 0xFE, 0x0F, 0xFF, 0xFF, 0xFF, 
    0xFF, 0xFF, 0xF8, 0x71, 0x81, 0xFF, 0xFC, 0x83, 0xC7, 0xFB, 0x30, 0x7F, 0xFF, 0xFF, 0xFF, 0xFE, 
    0x34, 0x1F, 0xFF, 0xFF, 0xFF, 0xFF, 0xFC, 0x7F, 0xFF, 0xFF, 0xFF, 0x1F, 0xFF, 0xFF, 0x1F, 0xF0, 
    0xFC, 0x3F, 0xFF, 0xFF, 0xFE, 0x3F, 0x3F, 0xFF, 0xFF, 0xFF, 0xFF, 0xFF, 0xFF, 0xFF, 0xC0, 0x00, 
    0x1C, 0xF1, 0xFC, 0x7F, 0xF9, 0x38, 0x1F, 0xFF, 0xFF, 0xFF, 0xFF, 0xE7, 0xFF, 0xFF, 0x7F, 0xF8, 
    0x07, 0xFF, 0xFF, 0xFF, 0xFD, 0xFF, 0xFF, 0xFF, 0xFF, 0xFF, 0xFF, 0xFF, 0xFF, 0xFF, 0xFE, 0x7F, 
    0xFF, 0xFF, 0xFF, 0xF8, 0x3F, 0xFF, 0xFF, 0xFF, 0xFF, 0xFF, 0xE0, 0xE3, 0x03, 0xFF, 0xF9, 0xB3, 
    0xF3, 0xFC, 0x9E, 0x3F, 0xFF, 0xFF, 0xFF, 0xFF, 0x10, 0x07, 0xFF, 0xFF, 0xFF, 0xFF, 0xFE, 0x3F, 
    0xFF, 0xFF, 0xFF, 0xC7, 0xFF, 0xFF, 0x8F, 0xF0, 0xF0, 0xFF, 0xFF, 0xFF, 0xF8, 0xFF, 0xFF, 0xFF, 
    0xFF, 0xFF, 0xFF, 0xFF, 0xFF, 0xFF, 0x81, 0xFC, 0x39, 0xE3, 0xFC, 0x1F, 0xFC, 0xFD, 0x0F, 0xFF, 
    0xFF, 0xFF, 0xFF, 0xD3, 0xFF, 0xFF, 0xCF, 0xFF, 0xC3, 0xFF, 0xFF, 0xFF, 0xFF, 0xFF, 0xFF, 0xFF, 
    0xFF, 0xFF, 0xFF, 0xFF, 0xFF, 0xFF, 0xFF, 0xFF, 0xFF, 0xFF, 0xFF, 0xE0, 0xFF, 0xFF, 0xFF, 0xFF, 
    0xFF, 0xFF, 0x87, 0xC6, 0x03, 0xF9, 0xF3, 0x7F, 0xF9, 0xFE, 0x6F, 0x1F, 0xFF, 0xFF, 0xFF, 0xFF, 
    0x8C, 0xE0, 0xFF, 0xFF, 0xFF, 0xFF, 0xFF, 0x1F, 0xFF, 0xFF, 0xFF, 0xE3, 0xFF, 0xFF, 0xEF, 0xF0, 
    0xC7, 0xFF, 0xFF, 0xFF, 0xF1, 0xFD, 0xFF, 0xFF, 0xE7, 0xFF, 0xFF, 0xFF, 0xFF, 0xFE, 0x13, 0xF4, 
    0x7F, 0xC7, 0xFC, 0x0F, 0x9C, 0xFC, 0x87, 0xFF, 0xFF, 0xFF, 0xFF, 0xCF, 0xFF, 0xFF, 0xE7, 0xFF, 
    0xF1, 0xFF, 0xFF, 0xFF, 0xFF, 0xFF, 0xFF, 0xFF, 0xFF, 0xFF, 0xFF, 0xFF, 0xFF, 0xFF, 0xFF, 0xFF, 
    0xFF, 0xFF, 0xFF, 0x83, 0xFF, 0xFF, 0xFF, 0xFF, 0xFF, 0xFE, 0x19, 0x8C, 0xC3, 0xFF, 0xF6, 0x7F, 
    0xFC, 0xFF, 0xFF, 0x8F, 0xFF, 0xFF, 0xFF, 0xFF, 0x27, 0xF8, 0x00, 0xFF, 0xFF, 0xFF, 0xFF, 0x8F, 
    0xFF, 0xFF, 0xFF, 0xF8, 0xFF, 0xFF, 0xFB, 0xF0, 0x9F, 0xFF, 0xFF, 0xFF, 0xC3, 0xF9, 0xFF, 0xFF, 
    0xCF, 0xFF, 0xFF, 0xFF, 0xFF, 0xFC, 0x23, 0xF8, 0xFF, 0x8F, 0xFC, 0x27, 0xFF, 0xFE, 0xC3, 0xFF, 
    0xFF, 0xFF, 0xFF, 0xE7, 0xBF, 0xFF, 0xF1, 0xFF, 0xF8, 0x7F, 0xFF, 0xFF, 0xFF, 0xFF, 0xFF, 0xFF, 
    0xFF, 0xFF, 0xFF, 0xFF, 0xFF, 0xFE, 0x7F, 0xFF, 0xFF, 0xFF, 0xFE, 0x0F, 0xFF, 0xFF, 0xFF, 0xFF, 
    0xFF, 0xFC, 0x33, 0x1F, 0x83, 0xFE, 0x66, 0xFF, 0xFE, 0x7F, 0xFF, 0xC7, 0xFF, 0xFF, 0xFF, 0xFF, 
    0x93, 0xFE, 0x00, 0x3F, 0xFF, 0xFF, 0xFF, 0xC3, 0xFF, 0xFF, 0xFF, 0xFF, 0x3F, 0xFF, 0xF9, 0xF0, 
    0xFF, 0xFF, 0xFF, 0xFF, 0x8F, 0xFF, 0xFF, 0xFF, 0xFF, 0xFF, 0xFF, 0xFF, 0xFF, 0xF0, 0xA3, 0xF1, 
    0xFF, 0x1F, 0xFC, 0x0F, 0xFF, 0x3E, 0x60, 0xFF, 0xFF, 0xFF, 0xFF, 0xFF, 0x9F, 0xFF, 0xFC, 0xFF, 
    0xFE, 0x3F, 0xFF, 0xFF, 0xFF, 0xFF, 0xFF, 0xFF, 0xFF, 0xFF, 0xFF, 0xFF, 0xFF, 0xFF, 0xFF, 0xFF, 
    0xFF, 0xFF, 0xF8, 0x3F, 0xFF, 0xFF, 0xFF, 0xFF, 0xFF, 0xE0, 0xF6, 0x3F, 0x87, 0xFE, 0x6C, 0xFF, 
    0xFE, 0x3F, 0xFF, 0xE3, 0xFF, 0xFF, 0xFF, 0xFF, 0x89, 0xFF, 0x9E, 0x1F, 0xFF, 0xFF, 0xFF, 0xE0, 
    0xFF, 0xFF, 0xFF, 0xFF, 0x8F, 0xFF, 0xFF, 0xB0, 0xFF, 0xFF, 0xFF, 0xFF, 0x1F, 0xFF, 0xFF, 0xFF, 
    0xFF, 0xFF, 0xFF, 0xFF, 0xFF, 0xE1, 0x27, 0xA3, 0xFE, 0x3F, 0xFF, 0x03, 0xFF, 0x1B, 0x30, 0x7F, 
    0xFF, 0xFF, 0xFF, 0xFF, 0xC7, 0xFF, 0xFE, 0x7F, 0xFF, 0x03, 0xFF, 0xFF, 0xFF, 0xFF, 0xFF, 0xFF, 
    0xFF, 0xFF, 0xFF, 0xFF, 0xFF, 0xFF, 0xFF, 0xFF, 0xFF, 0xFF, 0xE0, 0xFF, 0xFF, 0xFF, 0xFF, 0xFF, 
    0xFF, 0x03, 0xF8, 0x6F, 0x8F, 0xFE, 0xDD, 0xFF, 0xFF, 0x1F, 0xFF, 0xF1, 0xFF, 0xFF, 0xFF, 0xFF, 
    0xE1, 0xFF, 0xFF, 0x8F, 0xFF, 0xFF, 0xFF, 0xF0, 0x3F, 0xFF, 0xFF, 0xFF, 0xC3, 0xFF, 0xFF, 0x80, 
    0xFF, 0xFF, 0xFF, 0xFC, 0x7F, 0x9F, 0xFF, 0xFE, 0x7F, 0xFF, 0xFF, 0xFF, 0xFF, 0xC6, 0x67, 0xC7, 
    0xFC, 0x7F, 0xFE, 0x00, 0xFF, 0x89, 0xB0, 0x1F, 0xFF, 0xFF, 0xFF, 0xFF, 0xF3, 0xFF, 0xFF, 0x1F, 
    0xFF, 0xC0, 0x3F, 0xFF, 0xFF, 0xFF, 0xFF, 0xFF, 0xFF, 0xFF, 0xFF, 0xFF, 0xFF, 0xFF, 0xFF, 0xFF, 
    0xFF, 0xFF, 0x87, 0xFF, 0xFF, 0xFF, 0xFF, 0xFF, 0x00, 0x09, 0xF0, 0x9F, 0x9F, 0xFF, 0xDD, 0xFF, 
    0xFF, 0x8F, 0xFF, 0xF8, 0xFF, 0xFF, 0xFF, 0xFF, 0xF1, 0xFF, 0xFF, 0xC3, 0xFF, 0xFF, 0xFF, 0xF8, 
    0x07, 0xFF, 0xFF, 0xFF, 0xF1, 0xFF, 0xFF, 0xF0, 0xFF, 0xFF, 0xFF, 0xF9, 0xFF, 0xFF, 0xFF, 0xFE, 
    0xFF, 0xFF, 0xFF, 0xFF, 0xFF, 0x0F, 0xCF, 0x8F, 0xF8, 0xFF, 0xFE, 0x40, 0x3F, 0xC4, 0x98, 0x07, 
    0xFF, 0xFF, 0xFF, 0xFF, 0xF8, 0xFF, 0xFF, 0xCF, 0xFF, 0xFC, 0x1F, 0xFF, 0xFF, 0xFF, 0xFF, 0xFF, 
    0xFF, 0xFF, 0xFF, 0xFF, 0xFF, 0xFF, 0xFF, 0xFF, 0xFF, 0xFC, 0x1F, 0xFF, 0xFF, 0xFF, 0xFF, 0xFE, 
    0x00, 0x73, 0xE0, 0x3F, 0xBF, 0xFF, 0xBF, 0xFF, 0xFF, 0xE0, 0x7F, 0xFC, 0x7F, 0xFF, 0xFF, 0xFF, 
    0xF8, 0xFF, 0xFF, 0xE1, 0xFF, 0xFF, 0xFF, 0xFF, 0xC0, 0xFF, 0xFF, 0xFF, 0xF8, 0xFF, 0xFF, 0xF0, 
    0xFF, 0xFF, 0xFF, 0xFF, 0xFF, 0xFF, 0xFF, 0xFF, 0xFF, 0xFF, 0xFF, 0xFF, 0xF8, 0x1C, 0xDF, 0x9F, 
    0xF1, 0xDF, 0xFC, 0x68, 0x1F, 0xE2, 0x58, 0x41, 0xFF, 0xFF, 0xFF, 0xFF, 0xFC, 0x7F, 0xFF, 0xE3, 
    0xFF, 0xFF, 0xCF, 0xFF, 0xFF, 0xFF, 0xFF, 0xFF, 0xFF, 0xFF, 0xFF, 0xFF, 0xFF, 0xFF, 0xFF, 0xFF, 
    0xFF, 0xF8, 0x7F, 0xFF, 0xFF, 0xFF, 0xFF, 0xFC, 0x7F, 0xE7, 0xC8, 0x7F, 0xFF, 0xFF, 0x33, 0xFB, 
    0xFF, 0xF8, 0x1F, 0xFE, 0x3F, 0xFF, 0xFF, 0xFF, 0xFC, 0x7F, 0xFF, 0xC8, 0xFF, 0xFF, 0xFF, 0xFF, 
    0xF8, 0x0F, 0xFF, 0xFF, 0xFF, 0xFF, 0xFF, 0xF0, 0xFF, 0xFF, 0xFF, 0xBF, 0xFF, 0xFF, 0xFF, 0xFF, 
    0xFF, 0xFF, 0xFF, 0xFF, 0xE0, 0x39, 0xFF, 0x3F, 0xE3, 0x9F, 0xFC, 0xF8, 0x8F, 0xF1, 0x0C, 0x30, 
    0x7F, 0xFF, 0xFF, 0xFF, 0xFF, 0xFF, 0xFF, 0xF1, 0xFF, 0xFF, 0xE7, 0xFF, 0xFF, 0xFF, 0xFF, 0xFF, 
    0xFF, 0xFF, 0xFF, 0xFF, 0xFF, 0xFF, 0xFF, 0xFF, 0xFF, 0x8F, 0xFF, 0xFF, 0xFF, 0xFF, 0xFF, 0xF0, 
    0x7F, 0xCF, 0x94, 0xFF, 0xFF, 0xFF, 0x27, 0xF3, 0xFB, 0xFF, 0x0F, 0xFF, 0x1F, 0xFF, 0xFF, 0xFF, 
    0xFE, 0x3F, 0xFF, 0xC4, 0x7F, 0xFF, 0xFF, 0xFF, 0xFF, 0x00, 0xFF, 0xFF, 0xFF, 0xFF, 0xFF, 0xF0, 
    0xFF, 0xFF, 0xFF, 0xFF, 0xFF, 0xFF, 0xFF, 0xFF, 0xFF, 0xFF, 0xFF, 0xFE, 0x00, 0xF3, 0x3E, 0x7F, 
    0x81, 0x9F, 0xF8, 0xF0, 0xE3, 0xFC, 0x8C, 0x0C, 0x3F, 0xFF, 0xFF, 0xFF, 0xFF, 0xFF, 0xFF, 0xFC, 
    0xFF, 0xFF, 0xF1, 0xFF, 0xFF, 0xFF, 0xFF, 0xFF, 0xFF, 0xFF, 0xFF, 0xFF, 0xFF, 0xFF, 0xFF, 0xFF, 
    0xFE, 0x1F, 0xFF, 0xFF, 0xFF, 0xFF, 0xFF, 0xE0, 0xFF, 0xFF, 0x99, 0xFF, 0xFF, 0xFF, 0x6F, 0xF3, 
    0xF3, 0xFF, 0xC3, 0xFF, 0x8F, 0xFF, 0xFF, 0xFF, 0xFF, 0x0F, 0xFF, 0xE2, 0x1F, 0xFF, 0xFF, 0xFF, 
    0xFF, 0xF0, 0x3F, 0xFF, 0xFF, 0xFF, 0xFF, 0xF0, 0xFF, 0xFF, 0xFF, 0xFF, 0xFF, 0xFF, 0xFF, 0xFF, 
    0xFF, 0xFF, 0xFF, 0x00, 0x11, 0xE6, 0x7C, 0xFF, 0x01, 0x3F, 0xF9, 0xFE, 0x61, 0xFE, 0x4E, 0x07, 
    0x00, 0x7F, 0xFF, 0xFF, 0xFF, 0xFF, 0xFF, 0xFF, 0xFF, 0xF7, 0xFC, 0xFF, 0xFF, 0xFF, 0xFF, 0xFF, 
    0xFF, 0xFF, 0xFF, 0xFF, 0xFF, 0xFF, 0xFF, 0xFF, 0xF8, 0x7F, 0xFF, 0xFF, 0xFF, 0xFF, 0xFF, 0x83, 
    0xFF, 0xFF, 0x33, 0xFF, 0xFF, 0xFE, 0x4F, 0xEF, 0xF7, 0xFF, 0xC0, 0xFF, 0xC7, 0xFF, 0xFF, 0xFF, 
    0xFF, 0xC3, 0xFF, 0xFB, 0x07, 0xFF, 0xFF, 0xFF, 0xFF, 0xFF, 0x1F, 0xFF, 0xFF, 0xFF, 0xFF, 0xF0, 
    0xFF, 0xFF, 0xFF, 0xFF, 0xFF, 0xFF, 0xFF, 0xFF, 0xFF, 0xFF, 0xE0, 0x00, 0x03, 0xFC, 0xFF, 0xFC, 
    0x31, 0x7F, 0xF3, 0xFC, 0x24, 0x7F, 0xFE, 0x23, 0x60, 0x1F, 0xFF, 0xFF, 0xFF, 0xFF, 0xFF, 0xFF, 
    0xFF, 0xF9, 0xFE, 0x1F, 0xFF, 0xFF, 0xFF, 0xFF, 0xFF, 0xFF, 0xFF, 0xFF, 0xFF, 0xFF, 0xFF, 0xFF, 
    0xE3, 0xFF, 0xFF, 0xFF, 0xFF, 0xFF, 0xFF, 0x0F, 0xFF, 0xFE, 0x67, 0xFF, 0xFF, 0xFE, 0xDF, 0xFF, 
    0xEF, 0xFF, 0xE0, 0x7F, 0xE3, 0xFF, 0xFF, 0xFF, 0xFF, 0xF9, 0xFF, 0xFF, 0x83, 0xFF, 0xFF, 0xFF, 
    0xFF, 0xFF, 0x8F, 0xFF, 0xFF, 0xFF, 0xFF, 0xF0, 0xFF, 0xFF, 0xFF, 0xFF, 0xFF, 0xFF, 0xFF, 0xFF, 
    0xFF, 0xFF, 0x80, 0x38, 0x07, 0xF9, 0xFF, 0xF0, 0x73, 0xF9, 0xE3, 0xFC, 0x32, 0x3F, 0xE7, 0x30, 
    0x1C, 0x0F, 0xFF, 0xFF, 0xFF, 0xFF, 0xFF, 0xFF, 0xFF, 0xFC, 0x7F, 0x8F, 0xFF, 0xFF, 0xFF, 0xFF, 
    0xFF, 0xFF, 0xFF, 0xFF, 0xFF, 0xFF, 0xFF, 0xFF, 0xFF, 0xFF, 0xFF, 0xFF, 0xFF, 0xFF, 0xFC, 0x3F, 
    0xFF, 0xFC, 0xFF, 0xFF, 0xFF, 0xFC, 0x99, 0xFF, 0xEF, 0xFF, 0xF1, 0x1F, 0xF1, 0xFF, 0xFF, 0xFF, 
    0xFF, 0xFC, 0xFF, 0xFF, 0xC0, 0xFF, 0xFF, 0xFF, 0xFF, 0xFF, 0xE1, 0xFF, 0xFF, 0xFF, 0xFF, 0xF0, 
    0xFF, 0xFF, 0xFF, 0xFF, 0xFF, 0xFF, 0xFF, 0xFF, 0xFF, 0xFF, 0x0F, 0xE0, 0x0F, 0xF3, 0xFF, 0x81, 
    0xF3, 0xF3, 0xE6, 0xFC, 0x3B, 0x8F, 0xF3, 0x9C, 0x4F, 0x87, 0xFF, 0xFF, 0xFF, 0xFF, 0xFF, 0xFF, 
    0xFF, 0xFF, 0x3E, 0xC9, 0xFF, 0xFF, 0xFF, 0xFF, 0xFF, 0xFF, 0xFF, 0xFF, 0xFF, 0xFF, 0xFF, 0xFF, 
    0xFF, 0xFF, 0xFF, 0xFF, 0xFF, 0xFF, 0xF0, 0xF7, 0xFF, 0xF9, 0x3F, 0xFF, 0xFF, 0xF1, 0xFF, 0xFF, 
    0xFF, 0xFF, 0x38, 0x87, 0xF8, 0xFF, 0xFF, 0xFF, 0xFF, 0xFF, 0xFF, 0xFF, 0xE0, 0x7F, 0xFF, 0xFF, 
    0xFF, 0xFF, 0xF0, 0x7F, 0xFF, 0xFF, 0xFF, 0xF0, 0xFF, 0xFF, 0xFF, 0xFF, 0xFF, 0xFF, 0xFF, 0xFF, 
    0xFF, 0xFC, 0x3F, 0x80, 0x1F, 0xE7, 0xFF, 0x0E, 0x63, 0xE3, 0xC8, 0xF8, 0x1F, 0xE3, 0xF3, 0x9E, 
    0x23, 0xE1, 0xFF, 0xFF, 0xFF, 0xFF, 0xFF, 0xFF, 0xFF, 0xFF, 0x8F, 0xF8, 0x7F, 0xFF, 0xFF, 0xFF, 
    0xFF, 0xFF, 0xFF, 0xFF, 0xFF, 0xFF, 0xFF, 0xFF, 0xFF, 0xFF, 0xFF, 0xFF, 0xFF, 0xFF, 0x83, 0xEF, 
    0xFF, 0xF2, 0x7F, 0xFF, 0xFF, 0xE1, 0xFF, 0xFF, 0xFF, 0xFE, 0x7E, 0x20, 0x7E, 0x3F, 0xFF, 0xFF, 
    0xFF, 0xFF, 0xFF, 0xFF, 0x92, 0x1F, 0xFF, 0xFF, 0xFF, 0xFF, 0xFC, 0x1F, 0xFF, 0xFF, 0xFF, 0xF0, 
    0xFF, 0xFF, 0xFF, 0xFF, 0xFF, 0xFF, 0xFF, 0xFF, 0xFF, 0xF0, 0xFE, 0x20, 0x3F, 0xFF, 0xFC, 0x3C, 
    0x63, 0xE7, 0x91, 0xF8, 0x9D, 0xF0, 0xFB, 0xCF, 0xB9, 0xF8, 0x7F, 0xFF, 0xFF, 0xFF, 0xFF, 0xFF, 
    0xFF, 0xFF, 0xE3, 0xFE, 0x0F, 0xFF, 0xFF, 0xFF, 0xFF, 0xFF, 0xFF, 0xFF, 0xFF, 0xFF, 0xFF, 0xBF, 
    0xFF, 0xFF, 0xFF, 0xFF, 0xFF, 0xFE, 0x0F, 0xFF, 0xFF, 0xE4, 0xFF, 0xFF, 0xFF, 0xC7, 0xFF, 0xFF, 
    0xFF, 0xFC, 0xFF, 0xFE, 0x1F, 0x0F, 0xFF, 0xFF, 0xFF, 0xFF, 0xFF, 0xFF, 0xC1, 0x8F, 0xFF, 0xFF, 
    0xFF, 0xFF, 0xFF, 0x07, 0xFF, 0xFF, 0xFF, 0xF0, 0xFF, 0xFF, 0xFF, 0xFF, 0xFF, 0xFF, 0xFF, 0xFF, 
    0xFF, 0xE1, 0xF8, 0x84, 0x7F, 0xFF, 0xF0, 0xF9, 0xF3, 0xCE, 0x37, 0xF9, 0x8D, 0xFC, 0x3F, 0xE7, 
    0xFE, 0xFC, 0x1F, 0xFF, 0xFF, 0xFF, 0xFF, 0xFF, 0xFF, 0xFF, 0xF8, 0xFF, 0xC7, 0xFF, 0xFF, 0xFF, 
    0xFF, 0xFF, 0xFF, 0xFF, 0xFF, 0xFF, 0xFF, 0xFF, 0xFF, 0xFF, 0xFF, 0xFF, 0xFF, 0xF0, 0x3F, 0xFF, 
    0xFF, 0xCC, 0xFF, 0xFF, 0xFF, 0x8F, 0xFF, 0xFF, 0xFF, 0xFD, 0xFF, 0xFB, 0x87, 0x87, 0xFF, 0xFF, 
    0xFF, 0xFF, 0xFF, 0xFF, 0xE3, 0xC3, 0xFF, 0xFF, 0xFF, 0xFF, 0xFF, 0xE1, 0xFF, 0xFF, 0xFF, 0xF0, 
    0xFF, 0xFF, 0xFF, 0xFF, 0xFF, 0xFF, 0xFF, 0xFF, 0xFF, 0x87, 0xE3, 0x38, 0xFF, 0xFF, 0xC3, 0xF3, 
    0xF2, 0x10, 0x7F, 0xF1, 0xCC, 0xFF, 0x0F, 0xF3, 0xFB, 0xFF, 0x03, 0xFF, 0xFF, 0xFF, 0xFF, 0xFF, 
    0xFF, 0xFF, 0xFE, 0x7F, 0xF0, 0x7F, 0xFF, 0xFF, 0xFF, 0xFF, 0xFF, 0xFF, 0xFF, 0xFF, 0xFF, 0xFF, 
    0xFF, 0xFF, 0xFF, 0xFF, 0xFF, 0x81, 0x7F, 0xFF, 0xFF, 0x99, 0xFF, 0xFF, 0xFF, 0x1F, 0xFF, 0xFF, 
    0xFF, 0xFF, 0xFF, 0xFF, 0xF1, 0xE0, 0xFF, 0xFF, 0xFF, 0xFF, 0xFF, 0xFF, 0xF8, 0xF0, 0xFF, 0xFF, 
    0xFF, 0xFF, 0xFF, 0xF0, 0x7F, 0xFF, 0xFF, 0xF0, 0xFF, 0xFF, 0xFF, 0xFF, 0xFF, 0xFF, 0xFF, 0xFF, 
    0xFE, 0x0F, 0x9F, 0xF3, 0xFF, 0xFF, 0x07, 0xE5, 0xE4, 0x20, 0xFF, 0xF1, 0xC6, 0xCF, 0x83, 0xF1, 
    0xFF, 0xFF, 0xC0, 0xFF, 0xFF, 0xFF, 0xFF, 0xFF, 0xFF, 0xFF, 0xFF, 0xFF, 0xFE, 0x1F, 0xFF, 0xFF, 
    0xFF, 0xFF, 0xFF, 0xFF, 0xFF, 0xFF, 0xFF, 0xFF, 0xFF, 0xFF, 0xFF, 0xFF, 0xFE, 0x04, 0x7F, 0xFF, 
    0xFF, 0x33, 0xFF, 0xFF, 0xFE, 0x3F, 0xFF, 0xFF, 0xFF, 0xFF, 0xFF, 0xFF, 0xFC, 0x38, 0x3F, 0xFF, 
    0xFF, 0xFF, 0xFF, 0xFF, 0xFC, 0x7C, 0x3F, 0xFF, 0xFF, 0xFF, 0xFF, 0xF8, 0x1F, 0xFF, 0xFF, 0xF0, 
    0xFF, 0xFF, 0xFF, 0xFF, 0xFF, 0xFF, 0xFF, 0xFF, 0xFC, 0x3F, 0x3F, 0xC7, 0xFF, 0xFC, 0x1F, 0xFB, 
    0xC0, 0xC7, 0xFF, 0xE1, 0xE7, 0xF3, 0xE0, 0xF8, 0xFF, 0xFF, 0xF0, 0x3F, 0xFF, 0xFF, 0xFF, 0xFF, 
    0xFF, 0xFF, 0xFF, 0xFF, 0xFF, 0xBF, 0xFF, 0xFF, 0xFF, 0xFF, 0xFF, 0xFF, 0xFF, 0xFF, 0xFF, 0xFF, 
    0xFF, 0xFF, 0xFF, 0xFF, 0xFC, 0x79, 0xFF, 0xFF, 0xFE, 0x77, 0xFF, 0xFF, 0xFC, 0xCF, 0xFF, 0xFF, 
    0xFF, 0xFB, 0xFF, 0xFF, 0xFF, 0x8F, 0x07, 0xFF, 0xFF, 0xFF, 0xFF, 0xFF, 0xFF, 0x1F, 0x07, 0xFF, 
    0xFF, 0xFF, 0xFF, 0xFD, 0x83, 0xFF, 0xFF, 0xF0, 0xFF, 0xFF, 0xFF, 0xFF, 0xFF, 0xFF, 0xFF, 0xFF, 
    0xF0, 0xFC, 0x7F, 0x8F, 0xFF, 0xF1, 0x3F, 0xFF, 0xC3, 0x9F, 0xFF, 0x03, 0xE3, 0xB8, 0xF8, 0x30, 
    0x7F, 0xFF, 0xFC, 0x0F, 0xFF, 0xFF, 0xFF, 0xFF, 0xFF, 0xFF, 0xFF, 0xFF, 0xFF, 0xFF, 0xFF, 0xFF, 
    0xFF, 0xFF, 0xFF, 0xFF, 0xFF, 0xFF, 0xFF, 0xFF, 0xFF, 0xFF, 0xFF, 0xFF, 0xF1, 0xF3, 0xFF, 0xFF, 
    0xFF, 0xFF, 0xFF, 0xFF, 0xF9, 0xDF, 0xFF, 0xFF, 0xFF, 0xF3, 0xFF, 0xFF, 0xFF, 0xC3, 0xE0, 0xFF, 
    0xFF, 0xFF, 0xFF, 0xFF, 0xFF, 0x8F, 0xC0, 0x7F, 0xFF, 0xFF, 0xFF, 0xFF, 0xE0, 0xFF, 0xFF, 0xF0, 
    0xFF, 0xFF, 0xFF, 0xFF, 0xFF, 0xFF, 0xFF, 0xFF, 0xE3, 0xF9, 0xFF, 0x3F, 0xFF, 0xC7, 0x3F, 0xFF, 
    0x8F, 0xFF, 0xF0, 0x0F, 0xF2, 0x94, 0x7E, 0x08, 0x7F, 0xFF, 0xFF, 0x83, 0xFF, 0xFF, 0xFF, 0xFF, 
    0xFF, 0xFF, 0xFF, 0xFF, 0xFF, 0xFF, 0xE7, 0xFF, 0xFF, 0xFF, 0xFF, 0xFF, 0xFF, 0xFF, 0xFF, 0xFF, 
    0xFF, 0xFF, 0xFF, 0xFF, 0x87, 0xCF, 0xFF, 0xFF, 0xFF, 0x9F, 0xFF, 0xFF, 0xF3, 0x9F, 0xFF, 0xFF, 
    0xFF, 0xE7, 0xFF, 0xFF, 0xFF, 0xF0, 0xFC, 0x3F, 0xFF, 0xFF, 0xFF, 0xFF, 0xFF, 0xE3, 0xF8, 0x3F, 
    0xFF, 0xFF, 0xFF, 0xFF, 0xFC, 0x1F, 0xFF, 0xF0, 0xFF, 0xFF, 0xFF, 0xFF, 0xFF, 0xFF, 0xFF, 0xFF, 
    0x07, 0xFF, 0xFC, 0x7F, 0xFF, 0x0F, 0xFF, 0xFF, 0x9F, 0xFF, 0xC0, 0x07, 0xF8, 0xCA, 0x3F, 0x81, 
    0xFF, 0xFF, 0xFC, 0xE1, 0xFF, 0xFF, 0xFF, 0xFF, 0xFF, 0xFF, 0xFF, 0xFF, 0xFF, 0xFF, 0xFF, 0x9F, 
    0xFF, 0xFF, 0xFF, 0xFF, 0xFF, 0xFF, 0xFF, 0xFF, 0xFF, 0xFF, 0xFF, 0xFC, 0x1F, 0x9F, 0xFF, 0xFF, 
    0xFF, 0x1F, 0xFF, 0xFF, 0xE7, 0x3F, 0xFF, 0xFF, 0xFF, 0xCF, 0xFF, 0xFF, 0xFF, 0xFC, 0xFE, 0x0F, 
    0xFF, 0xFF, 0xFF, 0xFF, 0xFF, 0xF9, 0xFF, 0x1F, 0xFF, 0xFF, 0xFF, 0xFF, 0xFF, 0x87, 0xFF, 0xF0, 
    0xFF, 0xFF, 0xFF, 0xFF, 0xFF, 0xFF, 0xFF, 0xFC, 0x1F, 0xFF, 0xF8, 0xFF, 0xFC, 0x3F, 0xFF, 0xFF, 
    0x1F, 0xFF, 0x83, 0xE3, 0xF9, 0xCD, 0x3F, 0xE0, 0x1F, 0xFF, 0xFE, 0x78, 0xFF, 0xFF, 0xFF, 0xFF, 
    0xFF, 0xFF, 0x7F, 0xFF, 0xFF, 0xFF, 0xFF, 0xBF, 0xFF, 0xFF, 0xFF, 0xFF, 0xFF, 0xFF, 0xFF, 0xFF, 
    0xFF, 0xFF, 0xFF, 0xC0, 0x7F, 0x3F, 0xFF, 0xFF, 0xFF, 0x3F, 0xFF, 0xFF, 0xCF, 0xFF, 0xFF, 0xFF, 
    0xFF, 0x9F, 0xFF, 0xFF, 0xFF, 0xFF, 0xFF, 0x87, 0xFF, 0xFF, 0xFF, 0xFF, 0xFF, 0xFF, 0xFF, 0x8F, 
    0xFF, 0xFF, 0xFF, 0xFF, 0xFF, 0xF7, 0xFF, 0xF0, 0xFF, 0xFF, 0xFF, 0xFF, 0xFF, 0xFF, 0xFF, 0xC0, 
    0x7F, 0xFF, 0xE1, 0xFF, 0x80, 0xFF, 0xFF, 0xFE, 0x3F, 0xFE, 0x0E, 0xF9, 0xFC, 0xC7, 0xFF, 0xF8, 
    0x0F, 0xFF, 0xFF, 0x3C, 0x3F, 0xFF, 0xFF, 0xFF, 0xFF, 0xFF, 0xFF, 0xFF, 0xFF, 0xFF, 0xFF, 0xFF, 
    0xFF, 0xFF, 0xFF, 0xFF, 0xFF, 0xFF, 0xFF, 0xFF, 0xFF, 0xFF, 0xFF, 0x03, 0xFC, 0x7F, 0xFF, 0xFF, 
    0xF0, 0x7F, 0xFF, 0xFF, 0x9F, 0xBF, 0xFF, 0xFF, 0xFF, 0x3F, 0xFF, 0xFF, 0xFF, 0xFF, 0xFF, 0xE7, 
    0xFF, 0xFF, 0xFF, 0xFF, 0xFF, 0xFF, 0xFF, 0xE3, 0xFF, 0xFF, 0xFF, 0xFF, 0xFF, 0xFF, 0xFF, 0xF0, 
    0xFF, 0xFF, 0xFF, 0xFF, 0xFF, 0xFF, 0xE0, 0x03, 0x1F, 0xFF, 0xC7, 0xFC, 0x01, 0xFF, 0xFF, 0xFC, 
    0x7F, 0xF8, 0x1E, 0xFC, 0xFE, 0x47, 0xFF, 0xFF, 0x03, 0xFF, 0xFF, 0xFC, 0x1F, 0xFF, 0xFF, 0xFF, 
    0xFF, 0xFF, 0xFF, 0xFF, 0xFF, 0xFF, 0xFF, 0xFF, 0xFF, 0xFF, 0xFF, 0xFF, 0xFF, 0xFF, 0xFF, 0xFF, 
    0xFF, 0xFF, 0xFC, 0x3F, 0xF8, 0xFF, 0xFF, 0xFF, 0xF7, 0xFF, 0xFF, 0xFF, 0x33, 0xFF, 0xFF, 0xFF, 
    0xFE, 0x7F, 0xFF, 0xFF, 0xFF, 0xFF, 0xFF, 0xFE, 0x3F, 0xFF, 0xFF, 0xFF, 0xFF, 0xFF, 0xFF, 0xF0, 
    0xFF, 0xFF, 0xFF, 0xFF, 0xFF, 0xFF, 0xFF, 0xF0, 0xFF, 0xFF, 0xFF, 0xFF, 0xFF, 0xFE, 0x00, 0x3C, 
    0x7F, 0xFF, 0x1F, 0xE0, 0x3F, 0xFF, 0xFF, 0xF8, 0xFF, 0xF0, 0x3F, 0xFE, 0x7E, 0x6B, 0xFF, 0xFF, 
    0xF0, 0xFF, 0xFF, 0xFE, 0x07, 0xFF, 0xFF, 0xFF, 0xFF, 0xFF, 0xFF, 0xFF, 0xFF, 0xFF, 0xFF, 0xFF, 
    0xFF, 0xFF, 0xFF, 0xFF, 0xFF, 0xFF, 0xFF, 0xFF, 0xFF, 0xFF, 0xF8, 0xFF, 0xF3, 0xFF, 0xFF, 0xFF, 
    0xFB, 0xFF, 0xFF, 0xFE, 0x77, 0xFF, 0xFF, 0xFF, 0xFC, 0x7F, 0xFF, 0xE7, 0xFF, 0xFF, 0xFF, 0xFF, 
    0x9F, 0xFF, 0xFF, 0xFF, 0xFF, 0xFF, 0xFF, 0xFC, 0x7F, 0xFF, 0xFF, 0xFF, 0xFF, 0xFF, 0xFF, 0xF0, 
    0xFF, 0xFF, 0xFF, 0xFF, 0xFF, 0xE0, 0x0F, 0xFB, 0xFF, 0xFC, 0x3F, 0x07, 0xFF, 0xFF, 0xFF, 0xF3, 
    0xFF, 0xC1, 0x3F, 0x7F, 0x1F, 0x25, 0x7F, 0xFF, 0xFC, 0x3F, 0xFF, 0xFF, 0x00, 0xFF, 0xFF, 0xFF, 
    0xFF, 0xFF, 0xFF, 0xFF, 0xFF, 0xFF, 0xFF, 0xFF, 0xFF, 0xFF, 0xFF, 0xFF, 0xFF, 0xFF, 0xFF, 0xFF, 
    0xFF, 0xFF, 0xE1, 0xFF, 0xC7, 0xFF, 0xFF, 0xFF, 0xF3, 0xFF, 0xFF, 0xFC, 0xFF, 0xFF, 0xFF, 0xFF, 
    0xF8, 0xFF, 0xFF, 0xCF, 0xFF, 0xFF, 0xFF, 0xFF, 0xFF, 0xFF, 0xFF, 0xFF, 0xFF, 0xFF, 0xFF, 0xFE, 
    0x3F, 0xFF, 0xFF, 0xFF, 0xFF, 0xFF, 0xFF, 0xF0, 0xFF, 0xFF, 0xFF, 0xFF, 0xFF, 0x81, 0xFF, 0xFF, 
    0xFF, 0xF8, 0xFC, 0x03, 0xFF, 0xFF, 0xFF, 0xF7, 0xFF, 0x0A, 0x3F, 0xFF, 0xC7, 0x37, 0x3F, 0xFF, 
    0xFF, 0x0F, 0xFF, 0xFF, 0x98, 0x1F, 0xFF, 0xFF, 0xFF, 0xFF, 0xFF, 0xFF, 0xFF, 0xFF, 0xFF, 0xFF, 
    0xFF, 0xFF, 0xFF, 0xFF, 0xFF, 0xFF, 0xFF, 0xFF, 0xFF, 0xFF, 0x8F, 0xFF, 0x9F, 0xFF, 0xFF, 0xFF, 
    0xF7, 0xFF, 0xFF, 0xFB, 0xFF, 0xFF, 0xFF, 0xFF, 0xF1, 0xFF, 0xFF, 0xCF, 0xFF, 0xFF, 0xFF, 0xFF, 
    0xFF, 0xFF, 0xFF, 0xFF, 0xFF, 0xFF, 0xFF, 0xFF, 0xFF, 0xFF, 0xFF, 0xFF, 0xFF, 0xFF, 0xFF, 0xF0, 
    0xFF, 0xFF, 0xFF, 0xFF, 0xFC, 0x0F, 0x7F, 0xFF, 0xFF, 0xE3, 0x00, 0x07, 0xFF, 0xFF, 0xFF, 0xFF, 
    0xFC, 0x26, 0x7F, 0x9F, 0xF3, 0x93, 0x1F, 0xFF, 0xFF, 0x83, 0xFF, 0xFF, 0xCB, 0x07, 0xFF, 0xFF, 
    0xFF, 0xFF, 0xFF, 0xFF, 0xFF, 0xFF, 0xFF, 0xFF, 0xFF, 0xFF, 0xFF, 0xFF, 0xFF, 0xFF, 0xFF, 0xFF, 
    0xFF, 0xFE, 0x3F, 0xFF, 0xFF, 0xFF, 0xFF, 0xFF, 0xE7, 0xFF, 0xFF, 0xF7, 0x7F, 0xFF, 0xFF, 0xFF, 
    0xE3, 0xFF, 0xFF, 0x9F, 0xFF, 0xFF, 0xFF, 0xFF, 0xFF, 0xFF, 0xFF, 0xFF, 0xFF, 0xFF, 0xFF, 0xFF, 
    0xE3, 0xFF, 0xFF, 0xFF, 0xFF, 0xFF, 0xFF, 0xF0, 0xFF, 0xFF, 0xFF, 0xFF, 0xF0, 0x7F, 0xFF, 0xFF, 
    0xFF, 0x04, 0x00, 0x1F, 0xFF, 0xFF, 0xFF, 0xFF, 0xF0, 0xCC, 0x7F, 0xDF, 0xFB, 0x9B, 0x8F, 0xFF, 
    0xFF, 0xE0, 0xFF, 0xFF, 0xE1, 0xC3, 0xFF, 0xFF, 0xFF, 0xFF, 0xFF, 0xFF, 0xFF, 0xFF, 0xFF, 0xFF, 
    0xFF, 0xFF, 0xFF, 0xFF, 0xFF, 0xFF, 0xFF, 0xFF, 0xFF, 0xFC, 0x7F, 0xFF, 0xFF, 0xFF, 0xFF, 0xFF, 
    0xCF, 0xFF, 0xFF, 0xFF, 0xFF, 0xFF, 0xFF, 0xFF, 0xC7, 0xFF, 0xFF, 0xFF, 0xFF, 0xFF, 0xFF, 0xFF, 
    0xF0, 0xFF, 0xFF, 0xFF, 0xFF, 0xFF, 0xFF, 0xFF, 0xF1, 0x83, 0x8F, 0xFF, 0xFF, 0xFF, 0xFF, 0xF0, 
    0xFF, 0xFF, 0xFF, 0xFF, 0x80, 0xFF, 0xFF, 0xFF, 0xFC, 0x04, 0x78, 0x7F, 0xFF, 0xFF, 0xFF, 0xFF, 
    0xC3, 0xD8, 0x7F, 0xFF, 0xFF, 0xCF, 0xC7, 0xFF, 0xFF, 0x78, 0x1F, 0xFF, 0xF0, 0x70, 0xFF, 0xFF, 
    0xFF, 0xFF, 0xFF, 0xFF, 0xFF, 0xFF, 0xFF, 0xFF, 0xFF, 0xFF, 0xFF, 0xFF, 0xFF, 0xFF, 0xFF, 0xFF, 
    0xFF, 0xF1, 0xFF, 0xFF, 0xFF, 0xFF, 0xFF, 0xFF, 0xFF, 0xFF, 0xFF, 0xFF, 0xFF, 0xFF, 0xFF, 0xFF, 
    0xCF, 0xFF, 0xE3, 0xFF, 0xFF, 0xFF, 0xFF, 0xFF, 0xC0, 0x3F, 0xFF, 0xFF, 0xFF, 0xFF, 0xFF, 0xFF, 
    0xFD, 0xE0, 0x07, 0xFF, 0xFF, 0xFF, 0xFF, 0xF0, 0xFF, 0xFF, 0xFF, 0xF8, 0x07, 0xFF, 0xFF, 0xFF, 
    0xF0, 0x7F, 0xE1, 0xFF, 0xFF, 0xFF, 0xFF, 0xFF, 0x0F, 0xF3, 0xFF, 0xFF, 0xFF, 0xEF, 0xF3, 0xFF, 
    0xFF, 0xFF, 0x07, 0xFF, 0xF9, 0x3C, 0x7F, 0xFF, 0xFF, 0xFF, 0xFF, 0xFF, 0xFF, 0xFF, 0xFF, 0xFF, 
    0xFF, 0xFF, 0xFF, 0xFF, 0xFF, 0xFF, 0xFF, 0xFF, 0xFF, 0xD7, 0xFF, 0xFF, 0xFF, 0xFF, 0xFF, 0xFF, 
    0x3F, 0xFF, 0xFF, 0xBF, 0xFF, 0xFF, 0xFF, 0xFF, 0x9F, 0xE7, 0xC7, 0xFF, 0xFF, 0xFF, 0xFF, 0xFF, 
    0x00, 0x00, 0x00, 0x00, 0x7F, 0xFF, 0xFF, 0xFF, 0xFF, 0xBF, 0x81, 0xFF, 0xFF, 0xFF, 0xFF, 0xF0, 
    0xFF, 0xFF, 0xFF, 0xC0, 0x7F, 0xFF, 0xFF, 0xFF, 0xE1, 0xFF, 0xC7, 0xFF, 0xFF, 0xFF, 0xFF, 0xFC, 
    0x3F, 0xE3, 0xFF, 0xFF, 0xFF, 0xE7, 0xF9, 0xFF, 0xFF, 0xFF, 0xE1, 0xFF, 0xFF, 0x9F, 0x1F, 0xFF, 
    0xFF, 0xFF, 0xFF, 0xFF, 0xFF, 0xFF, 0xFF, 0xFF, 0xFF, 0xFF, 0xFF, 0xFF, 0xFF, 0xFF, 0xFF, 0xFF, 
    0xFF, 0x1F, 0xFF, 0xFF, 0xFF, 0xFF, 0xFF, 0xFF, 0x7F, 0xFF, 0xFF, 0xBF, 0xFF, 0xFF, 0xFF, 0xFF, 
    0xE7, 0x0F, 0xFF, 0xFF, 0xFF, 0xFF, 0xFF, 0xFC, 0x00, 0xC0, 0x00, 0x00, 0x1F, 0xFF, 0xFF, 0xFF, 
    0xFF, 0xFF, 0xFC, 0x7F, 0xFF, 0xFF, 0xFF, 0xF0, 0xFF, 0xFF, 0xF8, 0x07, 0xFF, 0xFF, 0xFF, 0xFF, 
    0x87, 0xBF, 0x1F, 0xFF, 0xFF, 0xFF, 0xFF, 0xF0, 0xFF, 0x87, 0xFF, 0xFF, 0xFF, 0xC3, 0xFC, 0xFF, 
    0xFF, 0xFF, 0xF0, 0xFF, 0xFE, 0x7F, 0x8F, 0xFF, 0xFF, 0xFF, 0xFF, 0xFF, 0xFF, 0xFF, 0xFF, 0xFF, 
    0xFF, 0xFF, 0xFF, 0xFF, 0xFF, 0xFF, 0xFF, 0xFF, 0xFC, 0x3F, 0xFF, 0xFF, 0xFF, 0xFF, 0xFF, 0xFE, 
    0xFF, 0xFF, 0xFF, 0xFF, 0xFF, 0xFF, 0xFF, 0xFE, 0x04, 0x3F, 0xFF, 0xFF, 0xFF, 0xFF, 0xFF, 0x80, 
    0x20, 0x70, 0x7F, 0xFF, 0x0F, 0xFF, 0xFF, 0xFF, 0xFF, 0xFF, 0xFF, 0x5F, 0xFF, 0xFF, 0xFF, 0xF0, 
    0xFF, 0xFF, 0xC0, 0x3F, 0xFF, 0xFF, 0xFF, 0xFE, 0x1F, 0xBC, 0x7F, 0xFF, 0xFF, 0xFF, 0xFF, 0xC3, 
    0xFF, 0x1F, 0xFF, 0xFF, 0xFF, 0xC3, 0xFE, 0x7F, 0xFF, 0xFF, 0xFC, 0x7F, 0xFF, 0x3F, 0xE7, 0xFF, 
    0xFF, 0xFF, 0xFF, 0xFF, 0xFF, 0xFF, 0xFF, 0xFF, 0xFF, 0xFF, 0xFF, 0xFF, 0xFF, 0xFF, 0xFF, 0xFF, 
    0xF0, 0xFF, 0xFF, 0xFF, 0xFF, 0xFF, 0xFF, 0xFC, 0xFF, 0xFF, 0xFE, 0xFF, 0xFF, 0xFF, 0xFF, 0xF8, 
    0x11, 0xFF, 0xFF, 0xFF, 0xFF, 0xFE, 0x00, 0x02, 0x08, 0x3C, 0x3F, 0xFF, 0xC3, 0xFF, 0xFF, 0xFF, 
    0xFF, 0xFD, 0xFF, 0xC7, 0xFF, 0xFF, 0xFF, 0xF0, 0xFF, 0xFF, 0xCF, 0xFF, 0xFF, 0xFF, 0xFF, 0xF8, 
    0x3F, 0xF9, 0xFF, 0xFF, 0xFF, 0xFF, 0xFF, 0x0F, 0xFC, 0x3F, 0xFF, 0xFF, 0xFF, 0xF9, 0xFF, 0x3F, 
    0xFF, 0xFF, 0xFE, 0x3F, 0xFF, 0xBF, 0xF1, 0xFF, 0xFF, 0xFF, 0xFF, 0xFF, 0xFF, 0xFF, 0xFF, 0xFF, 
    0xFF, 0xFF, 0xFF, 0xFF, 0xFF, 0xFF, 0xFF, 0xFF, 0xC7, 0xFF, 0xFF, 0xFF, 0xFF, 0xFF, 0xFF, 0xFF, 
    0xFF, 0xFF, 0xFF, 0xFF, 0xFF, 0xFF, 0xFF, 0xF1, 0xE3, 0xFF, 0xFF, 0xFF, 0xFF, 0xFC, 0x00, 0x3C, 
    0x0C, 0x9F, 0x0F, 0xFF, 0xF1, 0xFF, 0xFF, 0xFF, 0xFF, 0xFC, 0xFF, 0xF3, 0xFF, 0xFF, 0xFF, 0xF0, 
    0xFF, 0xFF, 0xFF, 0xFF, 0xFF, 0xFF, 0xFF, 0xF0, 0x7F, 0xFF, 0xFF, 0xFF, 0xFF, 0xFF, 0xFE, 0x27, 
    0xF8, 0x7F, 0xFF, 0xFF, 0xFF, 0xED, 0xFF, 0xFF, 0xFF, 0xFF, 0xFF, 0x0F, 0xFF, 0xFF, 0xF8, 0x3F, 
    0xFF, 0xFF, 0xFF, 0xFF, 0xFF, 0xFF, 0xFF, 0xFF, 0xFF, 0xFF, 0xFF, 0xFF, 0xFF, 0xFF, 0xFF, 0xFF, 
    0x9F, 0xFF, 0xFF, 0xFF, 0xFF, 0xFF, 0xFF, 0xEF, 0xFF, 0xFF, 0xFF, 0xFF, 0xFF, 0xFF, 0xFF, 0xE3, 
    0xFF, 0xFF, 0xFF, 0xFF, 0xFF, 0xF8, 0x10, 0xF0, 0x86, 0xFF, 0x83, 0xFF, 0xF8, 0x7F, 0xFF, 0xFF, 
    0xFF, 0xFF, 0xFF, 0xFF, 0xFF, 0xFF, 0xFF, 0xF0, 0xFF, 0xFF, 0xFF, 0xFF, 0xFF, 0xFF, 0xFF, 0xE1, 
    0xFF, 0xFF, 0xFF, 0xFF, 0xFF, 0xFF, 0xF8, 0x4F, 0xE3, 0xFF, 0xFF, 0xFF, 0xFF, 0xEF, 0xFF, 0xFF, 
    0xFF, 0xFF, 0xFF, 0x87, 0xFF, 0xFB, 0xFE, 0x0F, 0xFF, 0xFF, 0xFF, 0xFF, 0xFF, 0xFF, 0xFF, 0xFF, 
    0xFF, 0xFF, 0xFF, 0xFF, 0xFF, 0xFF, 0xFF, 0xFD, 0xFF, 0xFF, 0xFF, 0xFF, 0xFF, 0xFF, 0xFF, 0x8F, 
    0xFF, 0xFF, 0xFF, 0xFF, 0xFF, 0xFF, 0xFF, 0xCB, 0xFF, 0xFF, 0xFF, 0xFF, 0xFF, 0xE0, 0x0F, 0x80, 
    0x3E, 0x7F, 0xE0, 0xFF, 0xFE, 0x1F, 0xFF, 0xFF, 0xFF, 0xFF, 0xFF, 0xFF, 0x9F, 0xFF, 0xFF, 0xF0, 
    0xFF, 0xFF, 0xFF, 0xFF, 0xFF, 0xFF, 0xFF, 0x07, 0xFF, 0xFF, 0xFF, 0xFF, 0xFF, 0xFF, 0xE1, 0x3F, 
    0xCC, 0xFF, 0xFF, 0xFF, 0xFF, 0xF7, 0xFF, 0xEF, 0xFF, 0xFF, 0xFF, 0xC3, 0xFF, 0xFC, 0xFF, 0xC3, 
    0xFF, 0xFF, 0xFF, 0xFF, 0xFF, 0xFF, 0xFF, 0xFF, 0xFF, 0xFF, 0xFF, 0xFF, 0xFF, 0xFF, 0xFF, 0xFF, 
    0xFF, 0xFF, 0xFF, 0xFF, 0xFF, 0xFF, 0xFF, 0xBF, 0xFF, 0xFF, 0xFF, 0xFF, 0xFF, 0xFF, 0xFF, 0x93, 
    0xFF, 0xFF, 0xFF, 0xFF, 0xFF, 0xC2, 0x00, 0x01, 0x3F, 0x3F, 0xF8, 0x3F, 0x8D, 0x8F, 0xFF, 0xFF, 
    0xFF, 0xFF, 0xFF, 0xFF, 0xFF, 0xFF, 0xFF, 0xF0, 0xFF, 0xFF, 0xFF, 0xFF, 0xFF, 0xFF, 0xFA, 0x3F, 
    0xFF, 0xFF, 0xFF, 0xFF, 0xFF, 0xFF, 0x86, 0x7F, 0xF0, 0x3F, 0xFF, 0xFF, 0xFF, 0xF3, 0xBF, 0xE7, 
    0xFF, 0xFF, 0xFF, 0xE1, 0xFF, 0xFE, 0x7F, 0xF0, 0xFF, 0xFF, 0xFF, 0xFF, 0xFF, 0xFF, 0xFF, 0xFF, 
    0xFF, 0xFF, 0xFF, 0xFF, 0xFF, 0xFF, 0xFF, 0xFF, 0xFF, 0xFF, 0xFF, 0xFF, 0xFF, 0xFF, 0xFD, 0xFF, 
    0xFF, 0xFF, 0xFF, 0xFF, 0xFF, 0xFF, 0xFF, 0x37, 0xFF, 0xFF, 0xFF, 0xFF, 0xFF, 0x82, 0x70, 0x00, 
    0x7F, 0x9F, 0xFE, 0x07, 0xC0, 0x43, 0xFF, 0xFF, 0xFF, 0xFF, 0xFF, 0xFF, 0xFF, 0xFF, 0xFF, 0xF0, 
    0xFF, 0xFF, 0xFF, 0xFF, 0xFF, 0xFF, 0xE3, 0xFF, 0xFF, 0xFF, 0xFF, 0xFF, 0xFF, 0xFE, 0x1F, 0xFF, 
    0xE0, 0x0F, 0xFF, 0xFF, 0xFF, 0xF9, 0x9F, 0xE3, 0xFF, 0xFF, 0xFF, 0xF0, 0x7F, 0xFF, 0x3F, 0xFC, 
    0x7F, 0xFF, 0xFF, 0xFF, 0xFF, 0xFF, 0xFF, 0xFF, 0xFF, 0xFF, 0xFF, 0xFF, 0xFF, 0xFF, 0xFF, 0xFF, 
    0xFF, 0xFF, 0xFF, 0xFF, 0xFF, 0xFF, 0xF1, 0xBF, 0xFF, 0xFF, 0xFF, 0xFF, 0xFF, 0xFF, 0xFC, 0x7F, 
    0xFF, 0xFF, 0xFF, 0xFF, 0xFF, 0x0C, 0x01, 0x32, 0x7F, 0xCF, 0xFF, 0x21, 0xF9, 0x10, 0xFF, 0xFF, 
    0xFF, 0xFF, 0xFF, 0xFF, 0xFF, 0xFF, 0xFF, 0xF0, 0xFF, 0xFF, 0xFF, 0xFF, 0xFF, 0xFF, 0xFF, 0xFF, 
    0xFF, 0xFF, 0xFF, 0xFF, 0xFF, 0xF8, 0x7F, 0xFF, 0xC1, 0xC7, 0xFF, 0xFF, 0xFF, 0xFC, 0xDF, 0xF1, 
    0xFF, 0xFF, 0xFF, 0xF8, 0x1F, 0xFF, 0xEF, 0xF9, 0x3F, 0xFF, 0xFF, 0xFF, 0xFF, 0xFF, 0xFF, 0xFF, 
    0xFF, 0xFF, 0xFF, 0xFF, 0xFF, 0xFF, 0xFF, 0xFF, 0xFF, 0xFF, 0xFF, 0xFF, 0xFF, 0xFF, 0xE7, 0x3F, 
    0xFF, 0xFF, 0xFF, 0xFF, 0xFF, 0xFF, 0xF8, 0xFF, 0xFF, 0xFF, 0xFF, 0xFF, 0xFE, 0x1C, 0xCE, 0x62, 
    0xFF, 0xF3, 0xFF, 0x18, 0xFF, 0x8C, 0x3F, 0xFF, 0xFF, 0xFF, 0xFF, 0xFF, 0xFF, 0xFF, 0xFF, 0xF0, 
    0xFF, 0xFF, 0xFF, 0xFF, 0xFF, 0xFF, 0xFF, 0xFF, 0xFF, 0xFF, 0xFF, 0xFF, 0xFF, 0xF0, 0xFF, 0xFF, 
    0x80, 0xE1, 0xFF, 0xFF, 0xFF, 0xFE, 0xFF, 0xF8, 0xFF, 0xFF, 0xFF, 0xFC, 0x87, 0xFF, 0xFF, 0xFC, 
    0x8F, 0xFF, 0xFF, 0xFF, 0xFF, 0xFF, 0xFF, 0xFF, 0xFF, 0xFF, 0xFF, 0xFF, 0xFF, 0xFF, 0xFF, 0xFF, 
    0xFF, 0xFF, 0xFF, 0xFF, 0xFF, 0xFF, 0xCE, 0x7F, 0xFF, 0xFF, 0xFF, 0xFF, 0xFF, 0xFF, 0xF1, 0xFF, 
    0xFF, 0xFF, 0xFF, 0xFF, 0xFC, 0x38, 0xFC, 0x64, 0xFF, 0xB9, 0xFF, 0x8C, 0x7F, 0xE3, 0x0F, 0xFF, 
    0xFF, 0xFF, 0xFF, 0xFF, 0xFF, 0xFF, 0xFF, 0xF0, 0xFF, 0xFF, 0xFF, 0xFF, 0xFF, 0xFF, 0xFF, 0xFF, 
    0xFF, 0xFF, 0xFF, 0xFF, 0xFF, 0xE3, 0xFF, 0xFE, 0x20, 0xF8, 0xFF, 0xFF, 0xFF, 0xFF, 0x77, 0xFC, 
    0x7F, 0xFF, 0xFF, 0xFE, 0x40, 0xFF, 0xFF, 0xFE, 0x43, 0xFF, 0xFF, 0xFF, 0xFF, 0xFF, 0xFF, 0xFF, 
    0xFF, 0xFF, 0xFF, 0xFF, 0xFF, 0xFF, 0xFF, 0xFF, 0xFF, 0xFF, 0xFF, 0xFF, 0xFF, 0xFF, 0x9E, 0xFF, 
    0xFF, 0xFF, 0xBF, 0xFF, 0xFF, 0xFF, 0xE7, 0xFF, 0xFF, 0xFF, 0xFF, 0xFF, 0xF8, 0x71, 0xFD, 0xC5, 
    0xFF, 0x9C, 0x7F, 0xCE, 0x3F, 0xFB, 0xC1, 0xFF, 0xFF, 0xFF, 0xFF, 0xFF, 0xFF, 0xFF, 0xFF, 0xF0, 
    0xFF, 0xFF, 0xFF, 0xFF, 0xFF, 0xFF, 0xFF, 0xFF, 0xFF, 0xFF, 0xFF, 0xFF, 0xFF, 0xEF, 0xFF, 0xFC, 
    0x64, 0x7C, 0x3F, 0xFF, 0xFF, 0xFF, 0xF3, 0xFF, 0x7F, 0xFF, 0xFF, 0xFF, 0x38, 0x3F, 0xFF, 0xFF, 
    0xB1, 0xFF, 0xFF, 0xFF, 0xFF, 0xFF, 0xFF, 0xFF, 0xFF, 0xFF, 0xFF, 0xFF, 0xFF, 0xFF, 0xFF, 0xFF, 
    0xFF, 0xFF, 0xFF, 0xFF, 0xFF, 0xFF, 0xFF, 0xFF, 0xFF, 0xFF, 0xFF, 0xFF, 0xFF, 0xFF, 0xCF, 0xFF, 
    0xFF, 0xFF, 0xFF, 0xFF, 0xF1, 0xE1, 0xFF, 0xC9, 0xFF, 0xFF, 0x7F, 0xE7, 0x0F, 0xFF, 0xF8, 0x7F, 
    0xFF, 0xFF, 0xFF, 0xFF, 0xFF, 0xFF, 0xFF, 0xF0, 0xFF, 0xFF, 0xFF, 0xFF, 0xFF, 0xFF, 0xFF, 0xFF, 
    0xFF, 0xFF, 0xFF, 0xFF, 0xFE, 0x7F, 0xFF, 0xF8, 0xCF, 0xFF, 0x1F, 0xFF, 0xFF, 0xFF, 0xFF, 0xFF, 
    0x9F, 0xFF, 0xFF, 0xFF, 0x9F, 0x07, 0xFF, 0xFF, 0xF8, 0x7F, 0xFF, 0xFF, 0xFF, 0xFF, 0xFF, 0xFF, 
    0xFF, 0xFF, 0xFF, 0xFF, 0xFF, 0xFF, 0xFF, 0xFF, 0xFF, 0xFF, 0xFF, 0xFF, 0xFF, 0xFC, 0xFF, 0xFF, 
    0xFF, 0xFF, 0xFF, 0xFF, 0xFF, 0xFF, 0x1F, 0xFF, 0xFF, 0xFF, 0xFF, 0xFF, 0xE3, 0xC3, 0xFF, 0x8F, 
    0xFF, 0x7F, 0xE7, 0xF3, 0x87, 0xFF, 0xFE, 0x1F, 0xFF, 0xFF, 0xFF, 0xFF, 0xFF, 0xFF, 0xFF, 0xF0, 
    0xFF, 0xFF, 0xFF, 0xFF, 0xFF, 0xFF, 0xFF, 0xFF, 0xFF, 0xFF, 0xFF, 0xFF, 0xFC, 0xFF, 0xFF, 0xE3, 
    0x8F, 0xFF, 0x8F, 0xFF, 0xFF, 0xFF, 0xFF, 0xFF, 0xDF, 0xFF, 0xFF, 0xFF, 0xCF, 0xE0, 0xFF, 0xFF, 
    0xFE, 0x1F, 0xFF, 0xFF, 0xFF, 0xFF, 0xFF, 0xFF, 0xFF, 0xFF, 0xFF, 0xFF, 0xFF, 0xFF, 0xFF, 0xFF, 
    0xFF, 0xFF, 0xFF, 0xFF, 0xFF, 0xF9, 0xCF, 0xFF, 0xFF, 0xFB, 0xFF, 0xFF, 0xFF, 0xFE, 0x7F, 0xFF, 
    0xFF, 0xFF, 0xFF, 0xFF, 0x07, 0xC3, 0xFF, 0x9F, 0xFF, 0xDF, 0xFF, 0xF9, 0xC3, 0xFF, 0xFF, 0x9F, 
    0xFF, 0xFF, 0xFF, 0xFF, 0xFF, 0xFF, 0xFF, 0xF0, 0xFF, 0xFF, 0xFF, 0xFF, 0xFF, 0xFF, 0xFF, 0xFF, 
    0xFF, 0xFF, 0xFF, 0xFF, 0xFF, 0xFF, 0xFF, 0xC7, 0x1F, 0xBF, 0xC7, 0xFF, 0xFF, 0xFF, 0xFF, 0xFF, 
    0xFF, 0xFF, 0xFF, 0xFF, 0xE7, 0xFC, 0x3F, 0xFF, 0xF9, 0x81, 0xFF, 0xFF, 0xFF, 0xFF, 0xFF, 0xFF, 
    0xFF, 0xFF, 0xFF, 0xFF, 0xFF, 0xFF, 0xFF, 0xFF, 0xFF, 0xFF, 0xFF, 0xFF, 0xFF, 0xFB, 0x9F, 0xFF, 
    0xFF, 0xF3, 0xFF, 0xFF, 0xFF, 0xFC, 0xFF, 0xFF, 0xFF, 0xFF, 0xFF, 0xFC, 0x07, 0xA7, 0xFF, 0x9F, 
    0xFF, 0xEF, 0xFF, 0x7C, 0x61, 0xFF, 0xFF, 0xF9, 0xFF, 0xFF, 0xFF, 0xFF, 0xFF, 0xFF, 0xFF, 0xF0, 
    0xFF, 0xFF, 0xFF, 0xFF, 0xFF, 0xFF, 0xFF, 0xFF, 0xFF, 0xFF, 0xFF, 0xFF, 0xFF, 0xFF, 0xFF, 0x8E, 
    0x3F, 0x9F, 0xE3, 0xFF, 0xFF, 0xFF, 0xFF, 0xFF, 0xFF, 0xFF, 0xFF, 0xFF, 0xF7, 0xFF, 0x0F, 0xFF, 
    0xFD, 0xF8, 0x7F, 0xFF, 0xFF, 0xFF, 0xFF, 0xFF, 0xFF, 0xFF, 0xFF, 0xFF, 0xFF, 0xFF, 0xFF, 0xFF, 
    0xFF, 0xFF, 0xFF, 0xFF, 0xFF, 0xDF, 0xFF, 0xFF, 0xFF, 0xFF, 0xFF, 0xFF, 0xFF, 0xFF, 0xFF, 0xFF, 
    0xFF, 0xFF, 0xFF, 0xE0, 0x0F, 0x0F, 0xFF, 0x1F, 0xBF, 0xE7, 0xFF, 0x9F, 0x38, 0x7F, 0xFF, 0xFC, 
    0xFF, 0xFF, 0xFF, 0xFF, 0xFF, 0xFF, 0xFF, 0xF0, 0xFF, 0xFF, 0xFF, 0xFF, 0xFF, 0xFF, 0xFF, 0xFF, 
    0xFF, 0xFF, 0xFF, 0xFF, 0xFF, 0xFF, 0xFE, 0x3C, 0x7F, 0xDF, 0xF0, 0xFF, 0xFF, 0xFF, 0xFF, 0xFF, 
    0xFD, 0xFF, 0xFF, 0xFF, 0xFF, 0xFF, 0xC7, 0xFF, 0xFF, 0xFE, 0x3F, 0xFF, 0xFF, 0xFF, 0xFF, 0xFF, 
    0xFF, 0xFF, 0xFF, 0xFF, 0xFF, 0xFF, 0xFF, 0xFF, 0xFF, 0xFF, 0xFF, 0xFF, 0xFF, 0x3F, 0xFF, 0xFF, 
    0xFF, 0xFF, 0xFF, 0xFF, 0xFF, 0xEF, 0xFF, 0xFF, 0xFF, 0xFF, 0xFF, 0x00, 0x0E, 0x4F, 0xFF, 0x3F, 
    0xFF, 0xFF, 0xFF, 0xCF, 0x8C, 0x3F, 0xFF, 0xFF, 0xFF, 0xFF, 0xFF, 0xFF, 0xFF, 0xFF, 0xFF, 0xF0, 
    0xFF, 0xFF, 0xFF, 0xFF, 0xFF, 0xFF, 0xFF, 0xFF, 0xFF, 0xFF, 0xFF, 0xFF, 0xFF, 0xFF, 0xFC, 0x78, 
    0xFF, 0xF7, 0xF8, 0x7F, 0xFF, 0xFF, 0xFF, 0xFF, 0xFC, 0xFF, 0xFF, 0xFF, 0xFF, 0x7F, 0xE1, 0xFF, 
    0xFF, 0xFF, 0x87, 0xFF, 0xFF, 0xFF, 0xFF, 0xFF, 0xFF, 0xFF, 0xFF, 0xFF, 0xFF, 0xFF, 0xFF, 0xFF, 
    0xFF, 0xFF, 0xFF, 0xFF, 0xFE, 0x7F, 0xFF, 0xFF, 0xFF, 0xFF, 0xFF, 0xFF, 0xFF, 0xEF, 0xFF, 0xFF, 
    0xFF, 0xFF, 0xC0, 0x08, 0x1E, 0x9F, 0xFF, 0x3E, 0xFF, 0xFD, 0xFF, 0xFF, 0xE7, 0x1F, 0xFF, 0xFF, 
    0xFF, 0xFF, 0xFF, 0xFF, 0xFF, 0xFF, 0xFF, 0xF0, 0xFF, 0xFF, 0xFF, 0xFF, 0xFF, 0xFF, 0xFF, 0xFF, 
    0xFF, 0xFF, 0xFF, 0xFF, 0xFF, 0xFF, 0xF1, 0x91, 0xFF, 0xF7, 0xFC, 0x3F, 0xFF, 0xFF, 0xFF, 0xFF, 
    0xFF, 0x7F, 0xFF, 0xFF, 0xFF, 0x3F, 0xF8, 0xFF, 0xFF, 0xFF, 0xF1, 0xFF, 0xFF, 0xFF, 0xFF, 0xFF, 
    0xFF, 0xFF, 0xFF, 0xFF, 0xFF, 0xFF, 0xFF, 0xFF, 0xFF, 0xFF, 0xFF, 0xFF, 0xFF, 0xFF, 0xFF, 0xFF, 
    0xFF, 0xFF, 0xFF, 0xFF, 0xFF, 0xFF, 0xFF, 0xFF, 0xFF, 0xFF, 0x00, 0xE0, 0x1D, 0x9F, 0xFE, 0x38, 
    0xFF, 0xFC, 0x7F, 0xFF, 0xFB, 0x83, 0xFF, 0xFF, 0xFF, 0xFF, 0xFF, 0xFF, 0xFF, 0xFF, 0xFF, 0xF0, 
    0xFF, 0xFF, 0xFF, 0xFF, 0xFF, 0xFF, 0xFF, 0xFF, 0xFF, 0xFF, 0xFF, 0xFF, 0xFF, 0xFF, 0xE2, 0x30, 
    0xFF, 0xFF, 0xFC, 0x8F, 0xFF, 0xFF, 0xFF, 0xFF, 0xFF, 0xFF, 0xFF, 0xFF, 0xFF, 0xDF, 0xFC, 0x3F, 
    0xFF, 0xFF, 0xFC, 0xFF, 0xFF, 0xFF, 0xFF, 0xFF, 0xFF, 0xFF, 0xFF, 0xFF, 0xFF, 0xFF, 0xFF, 0xFF, 
    0xFF, 0xFF, 0xFF, 0xFF, 0xEF, 0xFF, 0xFF, 0xFF, 0xFF, 0xFF, 0xFF, 0xFF, 0xFF, 0xFF, 0xFF, 0xFF, 
    0xFF, 0xFE, 0x0F, 0x00, 0x3D, 0x3F, 0xFE, 0x71, 0xFF, 0xFE, 0x3F, 0xFF, 0xFF, 0xE0, 0xFF, 0xFF, 
    0xFF, 0xFF, 0xFF, 0xFF, 0xFF, 0xFF, 0xFF, 0xF0, 0xFF, 0xFF, 0xFF, 0xFF, 0xFF, 0xFF, 0xFF, 0xFF, 
    0xFF, 0xFF, 0xFF, 0xFF, 0xFF, 0xFF, 0x88, 0x78, 0x7F, 0xFF, 0xFE, 0xC7, 0xFF, 0xFF, 0xFF, 0xFF, 
    0xFF, 0xCF, 0xFF, 0xFF, 0xFF, 0xFF, 0xFF, 0x1F, 0xFF, 0xFF, 0xFF, 0xCF, 0xFF, 0xFF, 0xFF, 0xFF, 
    0xFF, 0xFF, 0xFF, 0xFF, 0xFF, 0xFF, 0xFF, 0xFF, 0xFF, 0xFF, 0xFF, 0xFF, 0xCF, 0xFF, 0xFF, 0xFF, 
    0xFF, 0xFF, 0xFF, 0xFF, 0xFF, 0xFF, 0xFF, 0xFF, 0xFF, 0xFC, 0x20, 0x39, 0x3F, 0x3F, 0xFE, 0x77, 
    0xFF, 0xFF, 0xFF, 0xFF, 0xFF, 0xF0, 0x1F, 0xFF, 0xFF, 0xFF, 0xFF, 0xFF, 0xFF, 0xFF, 0xFF, 0xF0, 
    0xFF, 0xFF, 0xFF, 0xFF, 0xFF, 0xFF, 0xFF, 0xFF, 0xFF, 0xFF, 0xFF, 0xFF, 0xFF, 0xFF, 0x01, 0xFE, 
    0x3F, 0xFF, 0xFF, 0xE3, 0xFF, 0xFF, 0xFF, 0xFF, 0xFF, 0xFF, 0xFF, 0xFF, 0xFF, 0xFF, 0xFF, 0xC7, 
    0xFF, 0xFF, 0xFF, 0xFF, 0xFF, 0xFF, 0xFF, 0xFF, 0xFF, 0xFF, 0xFF, 0xFF, 0xFF, 0xFF, 0xFF, 0xFF, 
    0xFF, 0xFF, 0xFF, 0xFF, 0xFF, 0xFF, 0xFF, 0xFF, 0xFF, 0xFF, 0xFF, 0xFF, 0xFF, 0xFF, 0xFF, 0xFF, 
    0xFF, 0xF8, 0x41, 0xF2, 0x7E, 0x7F, 0xFC, 0x7F, 0xFF, 0xFF, 0xFF, 0xFF, 0xFF, 0xF8, 0x07, 0xFF, 
    0xFF, 0xFF, 0xFF, 0xFF, 0xFF, 0xBF, 0xFF, 0xF0, 0xFF, 0xFF, 0xFF, 0xFF, 0xFF, 0xFF, 0xFF, 0xFF, 
    0xFF, 0xFF, 0xFF, 0xFF, 0xFF, 0xFC, 0x1F, 0xFF, 0x1F, 0xFF, 0xFF, 0xF0, 0xFF, 0xFF, 0xFF, 0xFF, 
    0xFF, 0xFF, 0xFF, 0xFF, 0xFF, 0xFF, 0xFF, 0xF0, 0xFF, 0xFF, 0xFF, 0xFF, 0xFF, 0xFF, 0xFF, 0xFF, 
    0xFF, 0xFF, 0xFF, 0xFF, 0xFF, 0xFF, 0xFF, 0xFF, 0xFF, 0xFF, 0xFF, 0xFF, 0xFF, 0xFF, 0xFF, 0xFF, 
    0xFF, 0xFF, 0xFF, 0xFF, 0xFF, 0xFF, 0xFF, 0xFF, 0xFF, 0xF0, 0x7F, 0xE6, 0x7C, 0x7F, 0xF8, 0xFF, 
    0xFF, 0xFF, 0xFF, 0xFF, 0xFF, 0xFE, 0x21, 0xFF, 0xFF, 0xFF, 0xFF, 0xFF, 0xFF, 0x1F, 0xFF, 0xF0, 
    0xFF, 0xFF, 0xFF, 0xFF, 0xFF, 0xFF, 0xFF, 0xFF, 0xFF, 0xFF, 0xFF, 0xFF, 0xFF, 0xF0, 0x7F, 0xFF, 
    0xCF, 0xFF, 0xFF, 0xF8, 0x7F, 0xFF, 0xFF, 0xFF, 0xFF, 0xFF, 0xFF, 0xFF, 0xFF, 0xFF, 0xFF, 0xFC, 
    0x3F, 0xFF, 0xFF, 0xFF, 0xFF, 0xFF, 0xFF, 0xFF, 0xFF, 0xFF, 0xFF, 0xFF, 0xFF, 0xFF, 0xFF, 0xFF, 
    0xFF, 0xFF, 0xFF, 0xFF, 0xFF, 0xFF, 0xFF, 0xFF, 0xFF, 0xFF, 0xFF, 0xFF, 0xFF, 0xFF, 0xFF, 0xFF, 
    0xFF, 0xE0, 0x7F, 0xCC, 0xFC, 0xFF, 0xE0, 0xFF, 0xFF, 0xFF, 0xFF, 0xFF, 0xFF, 0xFF, 0x18, 0xFF, 
    0xFF, 0xFF, 0xFF, 0xFF, 0xFF, 0x1F, 0xFF, 0xF0, 0xFF, 0xFF, 0xFF, 0xFF, 0xFF, 0xFF, 0xFF, 0xFF, 
    0xFF, 0xFF, 0xFC, 0x00, 0x00, 0x33, 0xFF, 0xFF, 0xC7, 0xFF, 0xFF, 0xFC, 0x1F, 0xFF, 0xFF, 0xFF, 
    0xFF, 0xFF, 0xFF, 0xFF, 0xFF, 0xFF, 0xFF, 0xFF, 0x8F, 0xFF, 0xFF, 0xFF, 0xFF, 0xFF, 0xFF, 0xFF, 
    0xFF, 0xFF, 0xFF, 0xFF, 0xFF, 0xFF, 0xFF, 0xFF, 0xFF, 0xFF, 0xFF, 0xFF, 0xFF, 0xFF, 0xFF, 0xFF, 
    0xFF, 0xFF, 0xFF, 0xFF, 0xFF, 0xFF, 0xFF, 0xFF, 0xFF, 0xC4, 0xCF, 0xFC, 0xFC, 0xFF, 0xC1, 0xFF, 
    0xFF, 0xFF, 0xFF, 0xFF, 0xFF, 0xFF, 0xC7, 0x9F, 0xFF, 0xFF, 0xFF, 0xFF, 0xFF, 0x19, 0xFF, 0xF0, 
    0xFF, 0xFF, 0xFF, 0xFF, 0xFF, 0xFF, 0xFF, 0xFF, 0xFF, 0xFF, 0xC0, 0x00, 0x00, 0x7F, 0xFF, 0xFF, 
    0xF3, 0x7F, 0xFF, 0xFE, 0x07, 0xFF, 0xFF, 0xFF, 0xFF, 0xFF, 0xFF, 0xFF, 0xFF, 0xFF, 0xFF, 0xF3, 
    0xE7, 0xFF, 0xFF, 0xFF, 0xFF, 0xFF, 0xFF, 0xFF, 0xFF, 0xFF, 0xFF, 0xFF, 0xFF, 0xFF, 0xFF, 0xFF, 
    0xFF, 0xFF, 0xFF, 0xFF, 0xFF, 0xFF, 0xFF, 0xFF, 0xFF, 0xFF, 0xFF, 0xFF, 0xFF, 0xFF, 0xFF, 0xFF, 
    0xFF, 0x88, 0xFF, 0xF8, 0xF8, 0xFE, 0x09, 0xFF, 0xFF, 0xFF, 0xBF, 0xFF, 0xFF, 0xFF, 0xF1, 0xFF, 
    0xFF, 0xFF, 0xFF, 0xFF, 0xFF, 0x08, 0x3F, 0xF0, 0xFF, 0xFF, 0xFD, 0xFF, 0xFF, 0xFF, 0xFF, 0xFF, 
    0xFF, 0xFF, 0x01, 0xFF, 0xE0, 0xFF, 0xFF, 0xFF, 0xFE, 0x1F, 0xFF, 0xFF, 0x01, 0xFF, 0xFF, 0xFF, 
    0xFF, 0xFF, 0xFF, 0xFF, 0xFF, 0xFF, 0xFF, 0xFB, 0xFC, 0xFF, 0xFF, 0xFF, 0xFF, 0xFF, 0xFF, 0xFF, 
    0xFF, 0xFF, 0xFF, 0xFF, 0xFF, 0xFF, 0xFF, 0xFF, 0xFF, 0xFF, 0xFF, 0xFF, 0xFF, 0xFF, 0xFF, 0xFF, 
    0xFF, 0xFF, 0xFF, 0xFF, 0xFF, 0xFF, 0xFF, 0xFF, 0xFF, 0x19, 0xFF, 0xF9, 0xF9, 0xFE, 0x73, 0xFF, 
    0xFF, 0xFF, 0xFF, 0xFF, 0xFF, 0xFF, 0xFD, 0xFE, 0x7F, 0xFF, 0xFF, 0xFF, 0xE6, 0x08, 0x3F, 0xF0, 
    0xFF, 0xFF, 0xFC, 0xFF, 0xFF, 0xFF, 0xFF, 0xFF, 0xFF, 0xF0, 0x1F, 0xFF, 0xC7, 0xFF, 0xFF, 0xFF, 
    0xFF, 0x0F, 0xFF, 0xFF, 0x30, 0xFF, 0xFF, 0xFF, 0xFF, 0xFF, 0xFF, 0xFF, 0xFF, 0xFF, 0xFF, 0xFF, 
    0xFF, 0xFF, 0xFF, 0xFF, 0xFF, 0xFF, 0xFF, 0xFF, 0xFF, 0xFF, 0xFF, 0xFF, 0xFF, 0xFF, 0xFF, 0xFF, 
    0xFF, 0xFF, 0xFF, 0xFF, 0xFF, 0xFF, 0xFF, 0xFF, 0xFF, 0xFF, 0xFF, 0xFF, 0xFF, 0xFF, 0xFF, 0xFF, 
    0xFE, 0x31, 0xFF, 0xF9, 0xF3, 0xFF, 0xE7, 0xFF, 0xFF, 0xFF, 0xE3, 0xFF, 0xFF, 0xFF, 0xFF, 0xFE, 
    0x3F, 0xFF, 0xFF, 0xFF, 0xC6, 0x00, 0x7F, 0xF0, 0xFF, 0xE3, 0xF8, 0xFF, 0xFF, 0xFF, 0xFF, 0xFF, 
    0xFF, 0x80, 0xFF, 0xFE, 0x1F, 0xFF, 0xFF, 0xFF, 0xF3, 0xC7, 0xFF, 0xFF, 0x9C, 0x3F, 0xFF, 0xFF, 
    0xFF, 0xFF, 0xFF, 0xFF, 0xFF, 0xFF, 0xFF, 0xFF, 0xFF, 0x8F, 0xFF, 0xFF, 0xFF, 0xFF, 0xFF, 0xFF, 
    0xFF, 0xFF, 0xFF, 0xFF, 0xFF, 0xFF, 0xFF, 0xFF, 0xFF, 0xFF, 0xFF, 0xFF, 0xFF, 0xFF, 0xFF, 0xFF, 
    0xFF, 0xFF, 0xFF, 0xFF, 0xFF, 0xFF, 0xFF, 0xFF, 0xFC, 0x73, 0xFF, 0xF1, 0xF7, 0x8F, 0xEF, 0xFF, 
    0xFF, 0xFF, 0xF1, 0xFF, 0xFF, 0xFF, 0xFF, 0xFF, 0xFF, 0xFF, 0xFF, 0xFF, 0xC0, 0x41, 0xFF, 0xF0, 
    0xFF, 0xF8, 0x78, 0x7F, 0xFF, 0xFF, 0xFF, 0xFF, 0xFC, 0x07, 0xFF, 0xF8, 0x7F, 0xFF, 0xFF, 0xFF, 
    0xF7, 0xE3, 0xFF, 0xFF, 0xCF, 0x0F, 0xFF, 0xFF, 0xFF, 0xFF, 0xFF, 0xFF, 0xFF, 0xFF, 0xFF, 0xFF, 
    0xFF, 0xEF, 0xFF, 0xFF, 0xFF, 0xFF, 0xFF, 0xFF, 0xFF, 0xFF, 0xFF, 0xFF, 0xFF, 0xFF, 0xFF, 0xFF, 
    0xFF, 0xFF, 0xFF, 0xFF, 0xFF, 0xFF, 0xFF, 0xFF, 0xFF, 0xFF, 0xFF, 0xFF, 0xFF, 0xFF, 0xFF, 0xFF, 
    0xF8, 0xE7, 0xFF, 0xF3, 0xEF, 0x1F, 0xFF, 0xFF, 0xFF, 0xFF, 0xFC, 0x7F, 0xFF, 0xFF, 0xFF, 0xFF, 
    0xFF, 0xFF, 0xFF, 0xFF, 0xC0, 0x4F, 0xFF, 0xF0, 0xFF, 0xFE, 0x10, 0x7F, 0xF3, 0xFF, 0xFF, 0xFF, 
    0xC0, 0x7F, 0xFF, 0xE3, 0xFF, 0xFF, 0xFF, 0xFF, 0xFF, 0xF1, 0xFF, 0xFF, 0xEF, 0xC3, 0xFF, 0xFF, 
    0xFF, 0xFF, 0xFF, 0xFF, 0xFF, 0xFF, 0xFF, 0xFF, 0xFF, 0xFE, 0xFF, 0xFF, 0xFF, 0xFF, 0xFF, 0xFF, 
    0xFF, 0xFF, 0xFF, 0xFF, 0xFF, 0xFF, 0xFF, 0xFF, 0xFF, 0xFF, 0xFF, 0xFF, 0xFF, 0xFF, 0xFF, 0xFF, 
    0xFF, 0xFF, 0xFF, 0xFF, 0xFF, 0xFF, 0xFF, 0xFF, 0xF0, 0xCF, 0xFF, 0xF3, 0xCF, 0x3F, 0xFF, 0xFF, 
    0xFF, 0xFF, 0x9E, 0x3F, 0xFF, 0xFF, 0xFF, 0xFF, 0xFF, 0xFF, 0xFF, 0xFF, 0xC0, 0x7F, 0xFF, 0xF0, 
    0xFF, 0xFF, 0x80, 0x79, 0x73, 0xFF, 0xFF, 0xFE, 0x0F, 0xFF, 0xFF, 0xFF, 0xFF, 0xFF, 0xFF, 0xFF, 
    0x3F, 0xFC, 0x3F, 0xFF, 0xFF, 0xA0, 0xFF, 0xFF, 0xFF, 0xFF, 0xFF, 0xFF, 0xFF, 0xFF, 0xFF, 0xFF, 
    0xFF, 0xFF, 0xFF, 0xFF, 0xFF, 0xFF, 0xFF, 0xFF, 0xFF, 0xFF, 0xFF, 0xFF, 0xFF, 0xFF, 0xFF, 0xFF, 
    0xFF, 0xFF, 0xFF, 0xFF, 0xFF, 0xFF, 0xFF, 0xFF, 0xFF, 0xFF, 0xFF, 0xFF, 0xFF, 0xFF, 0xFF, 0xFF, 
    0xE1, 0x8F, 0xFF, 0xE3, 0x99, 0xFF, 0xFF, 0xFF, 0xFF, 0xFF, 0x3F, 0x8F, 0xFF, 0xFF, 0xFF, 0xFF, 
    0xFF, 0xFF, 0xF8, 0xFF, 0x80, 0xFF, 0xFF, 0xF0, 0xFF, 0xFF, 0xE0, 0x38, 0x31, 0xFF, 0xFF, 0xFF, 
    0xFF, 0xFF, 0xFF, 0xFF, 0xFF, 0xFF, 0xFF, 0xF6, 0x7F, 0xFF, 0x1F, 0xFF, 0xFB, 0x88, 0x3F, 0xFF, 
    0xFF, 0xFF, 0xFF, 0xFF, 0xFF, 0xFF, 0xFF, 0xFF, 0xFF, 0xFF, 0xFF, 0xFF, 0xFF, 0xFF, 0xFF, 0xFF, 
    0xFF, 0xFF, 0xFF, 0xFF, 0xFF, 0xFF, 0xFF, 0xFF, 0xFF, 0xFF, 0xFF, 0xFF, 0xFF, 0xFF, 0xFF, 0xFF, 
    0xFF, 0xFF, 0xFF, 0xFF, 0xFF, 0xFF, 0xFF, 0xFF, 0xC3, 0x1F, 0xFF, 0xE1, 0xB3, 0xFF, 0x7F, 0xFF, 
    0xFF, 0xFE, 0x7C, 0xE3, 0xFF, 0xFF, 0xFF, 0xFF, 0xFF, 0xFF, 0xF8, 0xEF, 0x83, 0xFF, 0xFF, 0xF0, 
    0xFF, 0xFF, 0xF9, 0x00, 0x21, 0xFF, 0xFF, 0xFF, 0xFF, 0xFF, 0xFF, 0xFF, 0xFF, 0xFF, 0xFF, 0xE7, 
    0xFF, 0xFF, 0x87, 0xFF, 0xF9, 0xC7, 0x07, 0xFF, 0xFF, 0xFF, 0xFF, 0xFF, 0xFF, 0xFF, 0xFF, 0xFF, 
    0xFF, 0xFF, 0xFF, 0xFF, 0xFF, 0xFF, 0xFF, 0xFF, 0xFF, 0xFF, 0xFF, 0xFF, 0xFF, 0xFF, 0xFF, 0xFF, 
    0xFF, 0xFF, 0xFF, 0xFF, 0xFF, 0xFF, 0xFF, 0xFF, 0xFF, 0xFF, 0xFF, 0xFF, 0xFF, 0xFF, 0xFF, 0xFF, 
    0x86, 0x7F, 0xFF, 0xE5, 0x47, 0xFF, 0x7F, 0xFF, 0xFF, 0xFC, 0xFE, 0x71, 0xFF, 0xFF, 0xFF, 0xFF, 
    0xFF, 0xFE, 0x78, 0xC5, 0x1F, 0xFF, 0xFF, 0xF0, 0xFF, 0xFF, 0xFF, 0x80, 0x01, 0xFF, 0xFF, 0xFF, 
    0xFF, 0xFF, 0xFF, 0xFF, 0xFF, 0xFF, 0xFF, 0xFF, 0xFF, 0xFF, 0x21, 0xFF, 0xFC, 0xE3, 0xC3, 0xFF, 
    0xFF, 0xFF, 0xFF, 0xFF, 0xFF, 0xFF, 0xFF, 0xFF, 0xFF, 0xFF, 0xFF, 0xFF, 0xFF, 0xFF, 0xFF, 0xFF, 
    0xFF, 0xFF, 0xFF, 0xFF, 0xFF, 0xFF, 0xFF, 0xFF, 0xFF, 0xFF, 0xFF, 0xFF, 0xFF, 0xFF, 0xFF, 0xFF, 
    0xFF, 0xFF, 0xFF, 0xFF, 0xFF, 0xFF, 0xFF, 0xFE, 0x04, 0xFF, 0xFF, 0xE6, 0x0F, 0xFF, 0xFF, 0xFF, 
    0xFF, 0xF9, 0xFF, 0x1E, 0x3F, 0xFF, 0xFF, 0xFF, 0xFF, 0xFE, 0x38, 0x40, 0x3F, 0xFF, 0xFF, 0xF0, 
    0xFF, 0xFF, 0xFF, 0xE2, 0x00, 0xFF, 0xFF, 0xFF, 0xFF, 0xFF, 0xFF, 0xFF, 0xFF, 0xFF, 0xFF, 0xFF, 
    0xFF, 0xFF, 0xF8, 0x7F, 0xFF, 0xFB, 0xF0, 0xFF, 0xFF, 0xFF, 0xFF, 0xFF, 0xFF, 0xFF, 0xFF, 0xFF, 
    0xFF, 0xFF, 0xFF, 0xFF, 0xFF, 0xFF, 0xFF, 0xFF, 0xFF, 0xFF, 0xFF, 0xFF, 0xFF, 0xFF, 0xFF, 0xFF, 
    0xFF, 0xFF, 0xFF, 0xFF, 0xFF, 0xFF, 0xFF, 0xFF, 0xFF, 0xFF, 0xFF, 0xFF, 0xFF, 0xFF, 0xFF, 0xFC, 
    0x09, 0xFF, 0xFF, 0xE4, 0x3F, 0xFF, 0xFF, 0xFF, 0xFF, 0xF3, 0xFF, 0xDF, 0x9F, 0xFF, 0xFF, 0xFF, 
    0xFF, 0xFC, 0x38, 0x00, 0xFF, 0xFF, 0xFF, 0xF0, 0xFF, 0xFF, 0xFF, 0xFE, 0x8C, 0x1F, 0xFF, 0xFF, 
    0xFF, 0xFF, 0xFF, 0xFF, 0xFF, 0xFF, 0xFF, 0xFF, 0xFF, 0xFF, 0xFE, 0x3F, 0xFF, 0xDF, 0xF8, 0x7F, 
    0xFF, 0xFF, 0xFF, 0xFF, 0xFF, 0xFF, 0xFF, 0xFF, 0xFF, 0xFF, 0xFF, 0xFF, 0xFF, 0xFF, 0xFF, 0xFF, 
    0xFF, 0xFF, 0xFF, 0xFF, 0xFF, 0xFF, 0xFF, 0xFF, 0xFF, 0xFF, 0xFF, 0xFF, 0xFF, 0xFF, 0xFF, 0xFF, 
    0xFF, 0xFF, 0xFF, 0xFF, 0xFF, 0xFF, 0xFF, 0xF8, 0x93, 0xFF, 0xFF, 0xE0, 0x7F, 0xFF, 0xFF, 0xFF, 
    0xFF, 0xFF, 0xFF, 0xFF, 0xFF, 0xFF, 0xFF, 0xFF, 0xFF, 0xFC, 0x20, 0x03, 0xFF, 0xFF, 0xFF, 0xF0, 
    0xFF, 0xFF, 0xFF, 0xFE, 0x5C, 0x1F, 0xFF, 0xFF, 0xFF, 0xFF, 0xFF, 0xFF, 0xFF, 0xFF, 0xFF, 0xFF, 
    0xFF, 0xFF, 0xFF, 0x1F, 0xFF, 0xC7, 0xF8, 0x3F, 0xFF, 0xFF, 0xFF, 0xFF, 0xFF, 0xFF, 0xFF, 0xFF, 
    0xFF, 0xFF, 0xFF, 0xFF, 0xFF, 0xFF, 0xFF, 0xFF, 0xFF, 0xFF, 0xFF, 0xFF, 0xFF, 0xFF, 0xFF, 0xFF, 
    0xFF, 0xFF, 0xFF, 0xFF, 0xFF, 0xFF, 0xFF, 0xFF, 0xFF, 0xFF, 0xFF, 0xFF, 0xFF, 0xFF, 0xFF, 0xE1, 
    0x2F, 0xFF, 0xFF, 0xE1, 0xFF, 0xFF, 0xFF, 0xFF, 0xFF, 0xFF, 0xFF, 0xFF, 0xFC, 0xFF, 0xFF, 0xFF, 
    0xFF, 0xFC, 0x03, 0x1F, 0xFF, 0xFF, 0xFF, 0xF0, 0xFF, 0xFF, 0xFF, 0xFF, 0x9C, 0x1F, 0xFF, 0xFF, 
    0xFF, 0xFF, 0xFF, 0xFF, 0xFF, 0xFF, 0xFF, 0xFF, 0xFF, 0xFF, 0xFF, 0xCF, 0xFF, 0xE3, 0xFD, 0x1F, 
    0xFF, 0xFF, 0xFF, 0xFF, 0xFF, 0xFF, 0xFF, 0xFF, 0xFF, 0xFF, 0xFF, 0xFF, 0xFF, 0xFF, 0xFF, 0xFF, 
    0xFF, 0xFF, 0xFF, 0xFF, 0xFF, 0xFF, 0xFF, 0xFF, 0xFF, 0xFF, 0xFF, 0xFF, 0xFF, 0xFF, 0xFF, 0xFF, 
    0xFF, 0xFF, 0xFF, 0xFF, 0xFF, 0xFF, 0xFF, 0xC0, 0x5F, 0xFF, 0xFF, 0xF3, 0xFF, 0xFF, 0xFF, 0xFF, 
    0xFE, 0x7F, 0xFF, 0xFF, 0xFF, 0xFF, 0xFF, 0xFF, 0xFF, 0xF8, 0x83, 0xFF, 0xFF, 0xFE, 0x7F, 0xF0, 
    0xFF, 0xFF, 0xFF, 0xFF, 0xF8, 0x0C, 0xFF, 0xFF, 0xFF, 0xFF, 0xFF, 0xFF, 0xFF, 0xFF, 0xFF, 0xFF, 
    0xFF, 0xFF, 0xFF, 0xFF, 0xFF, 0xF9, 0xFE, 0x8F, 0xFF, 0xFF, 0xFF, 0xFF, 0xFF, 0xFF, 0xFF, 0xFF, 
    0xFF, 0xFF, 0xFF, 0xFF, 0xFF, 0xFF, 0xFF, 0xFF, 0xFF, 0xFF, 0xFF, 0xFF, 0xFF, 0xFF, 0xFF, 0xFF, 
    0xFF, 0xFF, 0xFF, 0xFF, 0xFF, 0xFF, 0xFF, 0xFF, 0xFF, 0xFF, 0xFF, 0xFF, 0xFF, 0xFF, 0xFF, 0x00, 
    0xFF, 0xFF, 0xFF, 0xE7, 0xFF, 0xFF, 0xFF, 0xFF, 0xFE, 0xFF, 0xFF, 0xFF, 0xFF, 0xFF, 0xFF, 0xFF, 
    0xFF, 0xF8, 0x83, 0xFF, 0xFF, 0xFC, 0x7F, 0xF0, 0xFF, 0xFF, 0xFF, 0xFF, 0xFE, 0xC8, 0xFF, 0xFF, 
    0xFF, 0xFF, 0xFF, 0xFF, 0xFF, 0xFF, 0xFF, 0xFF, 0xFF, 0xFF, 0xFF, 0xF9, 0xFF, 0xFF, 0x7E, 0xC7, 
    0xFF, 0xFF, 0xFF, 0xFF, 0xFF, 0xFF, 0xFF, 0xFF, 0xFF, 0xFF, 0xFF, 0xFF, 0xFF, 0xFF, 0xFF, 0xFF, 
    0xFF, 0xFF, 0xFF, 0xFF, 0xFF, 0xFF, 0xFF, 0xFF, 0xFF, 0xFF, 0xFF, 0xFF, 0xFF, 0xFF, 0xFF, 0xFF, 
    0xFF, 0xFF, 0xFF, 0xFF, 0xFF, 0xFF, 0xFC, 0x01, 0xFF, 0xFF, 0xFF, 0xCF, 0xFF, 0xFF, 0xFF, 0xFF, 
    0xFC, 0xFF, 0xFF, 0xFF, 0xFF, 0xFF, 0xFF, 0xFF, 0xFF, 0x98, 0x87, 0xFF, 0xFF, 0xCD, 0xFF, 0xF0, 
    0xFF, 0xFF, 0xFF, 0xFF, 0xFF, 0xC0, 0xFF, 0xFF, 0xFF, 0xFF, 0xFF, 0xFF, 0xFF, 0xFF, 0xFF, 0xFF, 
    0xFF, 0xFF, 0xFF, 0xFC, 0xFF, 0xFF, 0x3F, 0xE3, 0xFF, 0xFF, 0xFF, 0xFF, 0xFF, 0xFF, 0xFF, 0xFF, 
    0xFF, 0xFF, 0xFF, 0xFF, 0xFF, 0xFF, 0xFF, 0xFF, 0xFF, 0xFF, 0xFF, 0xFF, 0xFF, 0xFF, 0xFF, 0xFF, 
    0xFF, 0xFF, 0xFF, 0xFF, 0xFF, 0xFF, 0xFF, 0xFF, 0xFF, 0xFF, 0xFF, 0xFF, 0xFF, 0xFF, 0xF0, 0x07, 
    0xFF, 0xE7, 0xFF, 0x8F, 0xFF, 0xFF, 0xFF, 0xFF, 0xFC, 0xFF, 0xFF, 0xFF, 0xFF, 0xFF, 0xFF, 0xFF, 
    0xFF, 0x99, 0xDF, 0xFF, 0xF0, 0x0F, 0xFF, 0xF0, 0xFF, 0xFF, 0xFF, 0xFF, 0xFF, 0xC0, 0xFF, 0xFF, 
    0xFF, 0xFF, 0xFF, 0xFF, 0xFF, 0xFF, 0xFF, 0xFF, 0xFF, 0xFF, 0xFF, 0xFE, 0xFF, 0xFF, 0x9F, 0xF1, 
    0xFF, 0xFF, 0xFF, 0xFF, 0xFF, 0xFF, 0xFF, 0xFF, 0xFF, 0xFF, 0xFF, 0xFF, 0xFF, 0xFF, 0xFF, 0xFF, 
    0xFF, 0xFF, 0xFF, 0xFF, 0xFF, 0xFF, 0xFF, 0xFF, 0xFF, 0xFF, 0xFF, 0xFF, 0xFF, 0xFF, 0xFF, 0xFF, 
    0xFF, 0xFF, 0xFF, 0xFF, 0xFF, 0xFF, 0xE0, 0x4F, 0xFF, 0xCF, 0xFF, 0x9F, 0xFF, 0xFF, 0xFF, 0xFF, 
    0xF9, 0xFF, 0xFF, 0xFF, 0xFF, 0xFF, 0xFF, 0xFF, 0xFF, 0x90, 0x7F, 0xFF, 0xE0, 0x3F, 0xFF, 0xF0, 
    0xFF, 0xFF, 0xFF, 0xFF, 0xFF, 0xE0, 0xDF, 0xFF, 0xFF, 0xFF, 0xFF, 0xFF, 0xFF, 0xFF, 0xFF, 0xFF, 
    0xFF, 0xFF, 0xFF, 0xFF, 0xFF, 0xFF, 0xCF, 0xE9, 0xFF, 0xFF, 0xFF, 0xFF, 0xFF, 0xFF, 0xFF, 0xFF, 
    0xFF, 0xFF, 0xFF, 0xFF, 0xFF, 0xFF, 0xFF, 0xFF, 0xFF, 0xFF, 0xFF, 0xFF, 0xFF, 0xFF, 0xFF, 0xFF, 
    0xFF, 0xFF, 0xFF, 0xFF, 0xFF, 0xFF, 0xFF, 0xFF, 0xFF, 0xFF, 0xFF, 0xFF, 0xFF, 0xFF, 0xC4, 0x9F, 
    0xFF, 0x1F, 0xFF, 0x3F, 0xFF, 0xFF, 0xFF, 0xFF, 0xF9, 0xFF, 0xFF, 0xFF, 0xFF, 0xFF, 0xFF, 0xFF, 
    0xFF, 0x00, 0xEF, 0xFF, 0x83, 0xFF, 0xFF, 0xF0, 0xFF, 0xFF, 0xFF, 0xFF, 0xFF, 0x10, 0x0F, 0xFF, 
    0xFF, 0xFF, 0xFF, 0xFF, 0xFF, 0xFF, 0xFF, 0xFF, 0xFF, 0xFF, 0xFF, 0xFF, 0xFF, 0xFF, 0xF9, 0xFC, 
    0xFF, 0xFF, 0xFF, 0xFF, 0xFF, 0xFF, 0xFF, 0xFF, 0xFF, 0xFF, 0xFF, 0xFF, 0xFF, 0xFF, 0xFF, 0xFF, 
    0xFF, 0xFF, 0xFF, 0xFF, 0xFF, 0xFF, 0xFF, 0xFF, 0xFF, 0xFF, 0xFF, 0xFF, 0xFF, 0xFF, 0xFF, 0xFF, 
    0xFF, 0xFF, 0xFF, 0xFF, 0xFF, 0xFF, 0x09, 0xFF, 0xFC, 0x3F, 0xFE, 0x7F, 0xFF, 0xFF, 0xFF, 0xFF, 
    0xF3, 0xFF, 0xFF, 0xFF, 0xFF, 0xFF, 0xFF, 0xFF, 0xFB, 0x01, 0xFF, 0xFE, 0x0F, 0xFF, 0xFF, 0xF0, 
    0xFF, 0xFF, 0xFF, 0xFF, 0xFF, 0x84, 0x0F, 0xDF, 0xFF, 0xFF, 0xFF, 0xFF, 0xFF, 0xFF, 0xFF, 0xFF, 
    0xFF, 0xFF, 0xFF, 0xFF, 0xFF, 0xFF, 0xFC, 0xFC, 0x3F, 0xFF, 0xFF, 0xFF, 0xFF, 0xFF, 0xFF, 0xFF, 
    0xFF, 0xFF, 0xFF, 0xFF, 0xFF, 0xFF, 0xFF, 0xFF, 0xFF, 0xFF, 0xFF, 0xFF, 0xFF, 0xFF, 0xFF, 0xFF, 
    0xFF, 0xFF, 0xFF, 0xFF, 0xFF, 0xFF, 0xFF, 0xFF, 0xFF, 0xFF, 0xFF, 0xFF, 0xFF, 0xFE, 0x37, 0xFF, 
    0xF8, 0xFF, 0xFE, 0x7F, 0xFF, 0xFF, 0xFF, 0xFD, 0xF7, 0xFF, 0xFF, 0xFF, 0xFF, 0xFF, 0xFF, 0xFF, 
    0xF0, 0x07, 0xFF, 0xF8, 0x3F, 0xFF, 0xFF, 0xF0, 0xFF, 0xFF, 0xFF, 0xFF, 0xFF, 0xE2, 0x07, 0xCF, 
    0xFF, 0xFF, 0xFF, 0xFF, 0xFF, 0xFF, 0xFF, 0xFF, 0xFF, 0xFF, 0xFF, 0xFF, 0xFF, 0xFF, 0xFE, 0x7F, 
    0x07, 0xFF, 0xFF, 0xFF, 0xFF, 0xFF, 0xFF, 0xFF, 0xFF, 0xFF, 0xFF, 0xFF, 0xFF, 0xFF, 0xFF, 0xFF, 
    0xFF, 0xFF, 0xFF, 0xFF, 0xFF, 0xFF, 0xFF, 0xFF, 0xFF, 0xFF, 0xFF, 0xFF, 0xFF, 0xFF, 0xFF, 0xFF, 
    0xFF, 0xFF, 0xFF, 0xFF, 0xFF, 0xFC, 0x7F, 0xFF, 0xF1, 0xFF, 0xFF, 0xFF, 0xFF, 0xFF, 0xFF, 0xF3, 
    0xFF, 0xFF, 0xFF, 0xFF, 0xFF, 0xFF, 0xFF, 0xFF, 0xF0, 0x0F, 0xFF, 0xF0, 0xFF, 0xFF, 0xFF, 0xF0, 
    0xFF, 0xFF, 0xFF, 0xFF, 0xFF, 0xF8, 0x87, 0xC7, 0xFF, 0xFF, 0xFF, 0xFF, 0xFF, 0xFF, 0xFF, 0xFF, 
    0xFF, 0xFF, 0xFF, 0xFF, 0xFF, 0xFF, 0xFF, 0xFF, 0x81, 0xFF, 0xFF, 0xFF, 0xFF, 0xFF, 0xFF, 0xFF, 
    0xFF, 0xFF, 0xFF, 0xFF, 0xFF, 0xFF, 0xFF, 0xFF, 0xFF, 0xFF, 0xFF, 0xFF, 0xFF, 0xFF, 0xFF, 0xFF, 
    0xFF, 0xFF, 0xFF, 0xFF, 0xFF, 0xFF, 0xFF, 0xFF, 0xFF, 0xFF, 0xFF, 0xFF, 0xFF, 0xF8, 0xCF, 0xFF, 
    0xA3, 0xFF, 0xFF, 0xFF, 0xFF, 0xFF, 0xFF, 0xF7, 0xFF, 0xFF, 0xFF, 0xFF, 0xFF, 0xFF, 0xFF, 0xFF, 
    0xF8, 0x1F, 0xFF, 0xC3, 0xFF, 0xFF, 0xFF, 0xF0, 0xFF, 0xFF, 0xFF, 0xFF, 0xFF, 0xFE, 0x23, 0x87, 
    0xCF, 0xFF, 0xFF, 0xFF, 0xFF, 0xFF, 0xFF, 0xFF, 0xFF, 0xFF, 0xFF, 0xFF, 0xFF, 0xFF, 0xFF, 0xFF, 
    0xC0, 0x7F, 0xFF, 0xFF, 0xFF, 0xFF, 0xFF, 0xFF, 0xFF, 0xFF, 0xFF, 0xFF, 0xFF, 0xFF, 0xFF, 0xFF, 
    0xFF, 0xFF, 0xFF, 0xFF, 0xFF, 0xFF, 0xFF, 0xFF, 0xFF, 0xFF, 0xFF, 0xFF, 0xFF, 0xFF, 0xFF, 0xFF, 
    0xFF, 0xFF, 0xFF, 0xFF, 0xFF, 0xF1, 0x9F, 0xFE, 0x07, 0xFF, 0xFD, 0xFF, 0xFF, 0xFF, 0xFF, 0xFF, 
    0xFF, 0xFF, 0xFF, 0xFF, 0xFF, 0xFF, 0xFF, 0xFF, 0xF8, 0x7F, 0xFF, 0x8D, 0xFF, 0xFF, 0xFF, 0xF0, 
    0xFF, 0xFF, 0xFF, 0xFF, 0xFF, 0xFF, 0x91, 0x87, 0x8F, 0xFF, 0xFF, 0xFF, 0xFF, 0xFF, 0xFF, 0xFF, 
    0xFF, 0xFF, 0xFF, 0xFF, 0xFF, 0xFF, 0xFF, 0xF9, 0xE0, 0x3F, 0xFF, 0xFF, 0xFF, 0xFF, 0xFF, 0xFF, 
    0xFF, 0xFF, 0xFF, 0xFF, 0xFF, 0xFF, 0xFF, 0xFF, 0xFF, 0xFF, 0xFF, 0xFF, 0xFF, 0xFF, 0xFF, 0xFF, 
    0xFF, 0xFF, 0xFF, 0xFF, 0xFF, 0xFF, 0xFF, 0xFF, 0xFF, 0xFF, 0xFF, 0xFF, 0xFF, 0xE3, 0x3F, 0xFC, 
    0x1F, 0xFF, 0xF3, 0xFF, 0xFF, 0xFF, 0xFF, 0xFF, 0xFF, 0xFF, 0xFF, 0xFF, 0xFF, 0xFF, 0xFF, 0xFF, 
    0x60, 0xFF, 0xFE, 0x31, 0xFF, 0xFF, 0xFF, 0xF0, 0xFF, 0xFF, 0xFF, 0xFF, 0xFF, 0xFF, 0xC0, 0x86, 
    0x87, 0xFF, 0xFF, 0xFF, 0xFF, 0xFF, 0xFF, 0xFF, 0xFF, 0xFF, 0xFF, 0xFF, 0xFF, 0xFF, 0xFF, 0xFC, 
    0xF9, 0x0F, 0xFF, 0xFF, 0xFF, 0xFF, 0xFF, 0xFF, 0xFF, 0xFF, 0xFF, 0xFF, 0xFF, 0xFF, 0xFF, 0xFF, 
    0xFF, 0xFF, 0xFF, 0xFF, 0xFF, 0xFF, 0xFF, 0xFF, 0xFF, 0xFF, 0xFF, 0xFF, 0xFF, 0xFF, 0xFF, 0xFF, 
    0xFF, 0xFF, 0xFF, 0xFF, 0xFF, 0xC7, 0xFF, 0xF8, 0x3F, 0xFF, 0xF3, 0xFF, 0xFF, 0xFF, 0xFF, 0xFF, 
    0xFF, 0xFF, 0xFF, 0xFF, 0xFF, 0xFF, 0xFF, 0x3E, 0x03, 0xFF, 0xFC, 0x67, 0xFF, 0xFF, 0xFF, 0xF0, 
    0xFF, 0xFF, 0xFF, 0xFF, 0xFF, 0xFF, 0xF3, 0xC4, 0x87, 0xFF, 0xFF, 0xFF, 0xFF, 0xFF, 0xFF, 0xFF, 
    0xFF, 0xFF, 0xFF, 0xFF, 0xFF, 0xFF, 0xFF, 0xFF, 0xFC, 0x47, 0xFF, 0xFF, 0xFF, 0xFF, 0xFF, 0xFF, 
    0xFF, 0xFF, 0xFF, 0xFF, 0xFF, 0xFF, 0xFF, 0xFF, 0xFF, 0xFF, 0xFF, 0xFF, 0xFF, 0xFF, 0xFF, 0xFF, 
    0xFF, 0xFF, 0xFF, 0xFF, 0xFF, 0xFF, 0xFF, 0xFF, 0xFF, 0xFF, 0xFF, 0xFF, 0xFF, 0x8F, 0xFF, 0xE0, 
    0x7F, 0xFF, 0xFF, 0xFF, 0xFF, 0xFF, 0xFF, 0xFF, 0xFF, 0xFF, 0xFF, 0xFF, 0xFF, 0xFF, 0xFE, 0x30, 
    0x07, 0xFF, 0xF8, 0xFF, 0xFF, 0xFF, 0xFF, 0xF0, 0xFF, 0xFF, 0xFF, 0xFF, 0xFF, 0xFF, 0xF9, 0xE0, 
    0x03, 0xF9, 0xFF, 0xFF, 0xFF, 0xFF, 0xFF, 0xFF, 0xFF, 0xFF, 0xFF, 0xFF, 0xFF, 0xFF, 0xFF, 0xFF, 
    0xFE, 0x31, 0xFF, 0xFF, 0xFF, 0xFF, 0xFF, 0xFF, 0xFF, 0xFF, 0xFF, 0xFF, 0xFF, 0xFF, 0xFF, 0xFF, 
    0xFF, 0xFF, 0xFF, 0xFF, 0xFF, 0xFF, 0xFF, 0xFF, 0xFF, 0xFF, 0xFF, 0xFF, 0xFF, 0xFF, 0xFF, 0xFF, 
    0xFF, 0xFF, 0xFF, 0xFF, 0xFE, 0x1F, 0xFF, 0xC0, 0xFF, 0xFF, 0xFF, 0xFF, 0xFF, 0xFF, 0xFF, 0xFF, 
    0xFF, 0xFF, 0xFF, 0xFF, 0xFF, 0xFF, 0xFE, 0x10, 0x1F, 0xFF, 0xE3, 0xFF, 0xFF, 0xFF, 0xFF, 0xF0, 
    0xFF, 0xFF, 0xFF, 0xFF, 0xFF, 0xFF, 0xFF, 0xF8, 0x03, 0xF9, 0xFF, 0xFF, 0xFF, 0xFF, 0xFF, 0xFF, 
    0xFF, 0xFF, 0xFF, 0xFF, 0xFF, 0xFF, 0xFF, 0xFF, 0xFF, 0xBC, 0x3F, 0xFF, 0xFF, 0xFF, 0xFF, 0xFF, 
    0xFF, 0xFF, 0xFF, 0xFF, 0xFF, 0xFF, 0xFF, 0xFF, 0xFF, 0xFF, 0xFF, 0xFF, 0xFF, 0xFF, 0xFF, 0xFF, 
    0xFF, 0xFF, 0xFF, 0xFF, 0xFF, 0xFF, 0xFF, 0xFF, 0xFF, 0xFF, 0xFF, 0xFF, 0xF8, 0x3F, 0xFC, 0x83, 
    0xFF, 0xFF, 0xFF, 0xFF, 0xFF, 0xFF, 0xFF, 0xFF, 0xFF, 0xFF, 0xFF, 0xFF, 0xFF, 0xFF, 0xFE, 0x10, 
    0x3F, 0xFF, 0xC3, 0xE7, 0xFF, 0xFF, 0xFF, 0xF0, 0xFF, 0xFF, 0xFF, 0xFF, 0xFF, 0xFF, 0xFF, 0xFE, 
    0x33, 0xF1, 0xFF, 0xFF, 0xFF, 0xFF, 0xFF, 0xFF, 0xFF, 0xFF, 0xFF, 0xFF, 0xFF, 0xFF, 0xFF, 0xFF, 
    0xFF, 0x27, 0x0F, 0xFF, 0xFF, 0xFF, 0xFF, 0xFF, 0xFF, 0xFF, 0xFF, 0xFF, 0xFF, 0xFF, 0xFF, 0xFF, 
    0xFF, 0xFF, 0xFF, 0xFF, 0xFF, 0xFF, 0xFF, 0xFF, 0xFF, 0xFF, 0xFF, 0xFF, 0xFF, 0xFF, 0xFF, 0xFF, 
    0xFF, 0xFF, 0xFF, 0xFF, 0xE0, 0x7F, 0xF9, 0x07, 0xFF, 0xFF, 0xFF, 0xFF, 0xFF, 0xFF, 0xCF, 0xFF, 
    0xFF, 0xFF, 0xFF, 0xFF, 0xFF, 0xFF, 0xFE, 0x00, 0xFF, 0xFF, 0x8F, 0xEF, 0xFF, 0xFF, 0xFF, 0xF0, 
    0xFF, 0xFF, 0xFF, 0xFF, 0xFF, 0xFF, 0xFF, 0xFF, 0x01, 0xF0, 0xFF, 0xFF, 0xFF, 0xFF, 0xFF, 0xFF, 
    0xFF, 0xFD, 0xFF, 0xFF, 0xFF, 0xFF, 0xFF, 0xFF, 0xFF, 0xB3, 0x87, 0xFF, 0xFF, 0xFF, 0xFF, 0xFF, 
    0xFF, 0xFF, 0xFF, 0xFF, 0xFF, 0xFF, 0xFF, 0xFF, 0xFF, 0xFF, 0xFF, 0xFF, 0xFF, 0xFF, 0xFF, 0xFF, 
    0xFF, 0xFF, 0xFF, 0xFF, 0xFF, 0xFF, 0xFF, 0xFF, 0xFF, 0xFF, 0xFF, 0xFF, 0x80, 0xFF, 0xF3, 0x0F, 
    0xFF, 0xFF, 0xFF, 0xFF, 0xFF, 0xFF, 0x9F, 0xFF, 0xFF, 0xFF, 0xFF, 0xFF, 0xFF, 0xFF, 0xFC, 0x03, 
    0xFF, 0xFE, 0x1C, 0x7F, 0xFF, 0xFF, 0xFF, 0xF0, 0xFF, 0xFF, 0xFF, 0xFF, 0xFF, 0xFF, 0xFF, 0xFE, 
    0x41, 0x30, 0xFF, 0xFF, 0xFF, 0xFF, 0xFF, 0xFF, 0xFF, 0xFF, 0x9F, 0xFF, 0xFF, 0xFF, 0xFF, 0xFF, 
    0xFF, 0xFC, 0xE0, 0xFF, 0xFF, 0xFF, 0xFF, 0xFF, 0xFF, 0xFF, 0xFF, 0xFF, 0xFF, 0xFF, 0xFF, 0xFF, 
    0xFF, 0xFF, 0xFF, 0xFF, 0xFF, 0xFF, 0xFF, 0xFF, 0xFF, 0xFF, 0xFF, 0xFF, 0xFF, 0xFF, 0xFF, 0xFF, 
    0xFF, 0xFF, 0xFF, 0xFC, 0x13, 0xFF, 0xC4, 0x3F, 0xFF, 0xFF, 0xFF, 0xFF, 0xFF, 0xFF, 0x3F, 0x7F, 
    0xFF, 0xFF, 0xFF, 0xFF, 0xFF, 0xFF, 0xFC, 0x07, 0xFF, 0xFC, 0x31, 0xFF, 0xFF, 0xFF, 0xFF, 0xF0, 
    0xFF, 0xFF, 0xFF, 0xFF, 0xFF, 0xFF, 0xFF, 0xFE, 0x30, 0x00, 0x7F, 0xFF, 0xFF, 0xFF, 0xFF, 0xFF, 
    0xFF, 0xFF, 0xDC, 0x0F, 0xFF, 0xFF, 0xFF, 0xFF, 0xFF, 0xFE, 0xF8, 0x1F, 0xFF, 0xFF, 0xFF, 0xFF, 
    0xFF, 0xFF, 0xFF, 0xFF, 0xFF, 0xFF, 0xFF, 0xFF, 0xFF, 0xFF, 0xFF, 0xFF, 0xFF, 0xFF, 0xFF, 0xFF, 
    0xFF, 0xFF, 0xFF, 0xFF, 0xFF, 0xFF, 0xFF, 0xFF, 0xFF, 0xFF, 0xFF, 0x80, 0x67, 0xFF, 0x80, 0xFF, 
    0xFF, 0xFF, 0xFF, 0xFF, 0xFF, 0xFC, 0x41, 0xFF, 0xFF, 0xFF, 0xFF, 0xFF, 0xFF, 0xFF, 0xDC, 0x1F, 
    0xFF, 0xF1, 0xC7, 0xFF, 0xFF, 0xFF, 0xFF, 0xF0, 0xFF, 0xFF, 0xFF, 0xFF, 0xFF, 0xFF, 0xFF, 0xFF, 
    0x8C, 0x00, 0x7F, 0xFF, 0xFF, 0xFF, 0xFF, 0xFF, 0xFF, 0xFF, 0xFE, 0x01, 0xDF, 0xFF, 0xFF, 0xFF, 
    0xFF, 0xFF, 0xFF, 0x07, 0xFF, 0xFF, 0xFF, 0xFF, 0xFF, 0xFF, 0xFF, 0xFF, 0xFF, 0xFF, 0xFF, 0xFF, 
    0xFF, 0xFF, 0xFF, 0xFF, 0xFF, 0xFF, 0xFF, 0xFF, 0xFF, 0xFF, 0xFF, 0xFF, 0xFF, 0xFF, 0xFF, 0xFF, 
    0xFF, 0xFF, 0xFE, 0x01, 0xCF, 0xFE, 0x01, 0xFF, 0xFF, 0xFF, 0xFF, 0xFF, 0xFF, 0xF8, 0x8F, 0xFF, 
    0xFF, 0xFF, 0xFF, 0xFF, 0xFF, 0xFF, 0x80, 0x7F, 0xFF, 0xE3, 0x1F, 0xFF, 0xFF, 0xFF, 0xFF, 0xF0, 
    0xFF, 0xFF, 0xFF, 0xFF, 0xFF, 0xFF, 0xFF, 0xFF, 0xDF, 0x04, 0x3F, 0xFF, 0xFF, 0xFF, 0xFF, 0xFF, 
    0xFF, 0xFF, 0xFF, 0xF8, 0x38, 0x3F, 0xFF, 0xFF, 0xFF, 0xFF, 0xFF, 0xC1, 0xFF, 0xFF, 0xFF, 0xFF, 
    0xFF, 0xFF, 0xFF, 0xFF, 0xFF, 0xFF, 0xFF, 0xFF, 0xFF, 0xFF, 0xFF, 0xFF, 0xFF, 0xFF, 0xFF, 0xFF, 
    0xFF, 0xFF, 0xFF, 0xFF, 0xFF, 0xFF, 0xFF, 0xFF, 0xFF, 0xFF, 0xE0, 0x0F, 0x1F, 0xFC, 0x07, 0xFF, 
    0xFF, 0xFF, 0xFF, 0xFF, 0xFF, 0xF1, 0xFF, 0xFF, 0xFF, 0xFF, 0xFF, 0xFF, 0xFF, 0xFF, 0x80, 0xFF, 
    0xFF, 0xC4, 0x7F, 0xFF, 0xFF, 0xFF, 0xFF, 0xF0, 0xFF, 0xFF, 0xFF, 0xFF, 0xFF, 0xFF, 0xFF, 0xFF, 
    0xFF, 0xC0, 0x3F, 0xFF, 0xFF, 0xFF, 0xFF, 0xFF, 0xFF, 0xFF, 0xFF, 0xFF, 0x0C, 0x60, 0xFF, 0xFF, 
    0xFF, 0xFC, 0xFF, 0xF8, 0x00, 0x7F, 0xFF, 0xFF, 0xFF, 0xFF, 0xFF, 0xFF, 0xFF, 0xFF, 0xFF, 0xFF, 
    0xFF, 0xFF, 0xFF, 0xFF, 0xFF, 0xFF, 0xFF, 0xFF, 0xFF, 0xFF, 0xFF, 0xFF, 0xFF, 0xFF, 0xFF, 0xFF, 
    0xF3, 0xE0, 0x00, 0x3E, 0x3F, 0xF0, 0x0F, 0xFF, 0xFF, 0xFF, 0xFF, 0xFF, 0xFF, 0xC7, 0xFF, 0xFF, 
    0xFF, 0xFF, 0xFF, 0xFF, 0xFF, 0xFF, 0x03, 0xFF, 0xFF, 0x1F, 0xFF, 0xFF, 0xFF, 0xFF, 0xFF, 0xF0, 
    0xFF, 0xFF, 0xFF, 0xFF, 0xFF, 0xFF, 0xFF, 0xFF, 0xFF, 0xFC, 0x27, 0xFF, 0xFF, 0xFF, 0xFF, 0xFF, 
    0xFF, 0xFF, 0xFF, 0xFF, 0xEF, 0xF8, 0x1F, 0xFF, 0xFF, 0xFE, 0x7F, 0xFE, 0x00, 0x0F, 0xFC, 0x3F, 
    0xFF, 0xFF, 0xFF, 0xFF, 0xFF, 0xFF, 0xFF, 0xFF, 0xFF, 0xFF, 0xFF, 0xFF, 0xFF, 0xFF, 0xFF, 0xFF, 
    0xFF, 0xFF, 0xFF, 0xFF, 0xFF, 0xFF, 0xFF, 0xFF, 0xC0, 0x00, 0x7C, 0x7C, 0x7F, 0xE1, 0x1F, 0xFF, 
    0xFF, 0xFF, 0xFF, 0xFF, 0xF6, 0x0F, 0xFF, 0xFF, 0xFF, 0xFF, 0xFF, 0xFF, 0xFF, 0xDF, 0x07, 0xFF, 
    0xFE, 0x3F, 0xFF, 0xFF, 0xFF, 0xFF, 0xFF, 0xF0, 0xFF, 0xFF, 0xFF, 0xFF, 0xFF, 0xFF, 0xFF, 0xFF, 
    0xFF, 0xFE, 0x07, 0xBF, 0xFF, 0xFF, 0xFF, 0xFF, 0xFF, 0xFF, 0xFF, 0xFF, 0xFF, 0xFF, 0x03, 0xFF, 
    0xFF, 0xFF, 0x1F, 0xFF, 0x80, 0x00, 0x00, 0x1F, 0xFF, 0xFF, 0xFF, 0xFF, 0xFF, 0xFF, 0xFF, 0xFF, 
    0xFF, 0xFF, 0xFF, 0xFF, 0xFF, 0xFF, 0xFF, 0xFF, 0xFF, 0xFF, 0xFF, 0xFF, 0xFF, 0xFF, 0xFF, 0xFF, 
    0x00, 0x07, 0xD0, 0xF8, 0xFF, 0xC2, 0x7F, 0xFF, 0xFF, 0xFF, 0xFF, 0xFF, 0xFC, 0x7F, 0xFF, 0xFF, 
    0xFF, 0xFF, 0xFF, 0xFF, 0xFF, 0x8E, 0x1F, 0xFF, 0xFC, 0xFF, 0xFF, 0xFF, 0xFF, 0xFF, 0xFF, 0xF0, 
    0xFF, 0xFF, 0xFF, 0xFF, 0xFF, 0xFF, 0xFF, 0xFF, 0xFF, 0xFF, 0x03, 0x1F, 0xFF, 0xFF, 0xFF, 0xFF, 
    0xFF, 0xFF, 0xFF, 0xFF, 0xFF, 0xFF, 0xE1, 0xFF, 0xFF, 0xFF, 0xCF, 0xFF, 0xE2, 0x06, 0x00, 0x07, 
    0xFF, 0xFF, 0xFF, 0xFF, 0xFF, 0xFF, 0xFF, 0xFF, 0xFF, 0xFF, 0xFF, 0xFF, 0xFF, 0xFF, 0xFF, 0xFF, 
    0xFF, 0xFF, 0xFF, 0xFF, 0xFF, 0xFF, 0xFF, 0xFE, 0x00, 0x3F, 0x83, 0xE3, 0xF3, 0x08, 0xFF, 0xFF, 
    0xFF, 0xFF, 0xFF, 0xFF, 0xFF, 0xFF, 0xFF, 0xFF, 0xFF, 0xFF, 0xFF, 0xFF, 0xFF, 0x8C, 0x3F, 0xFF, 
    0xFF, 0xFF, 0xFF, 0xFF, 0xFF, 0xFF, 0xFF, 0xF0, 0xFF, 0xFF, 0xFF, 0xFF, 0xFF, 0xFF, 0xFF, 0xFF, 
    0xFF, 0xFF, 0xC3, 0x1F, 0xFF, 0xFF, 0xFF, 0xFF, 0xFF, 0xFF, 0xFF, 0xFF, 0xFF, 0xFF, 0xF1, 0xFF, 
    0xFF, 0xFF, 0xE3, 0xFF, 0xF8, 0xFF, 0xF9, 0xC1, 0xFF, 0xFF, 0xFF, 0xFF, 0xFF, 0xFF, 0xFF, 0xFF, 
    0xFF, 0xFF, 0xFF, 0xFF, 0xFF, 0xFF, 0xFF, 0xFF, 0xFF, 0xFF, 0xFF, 0xFF, 0xFF, 0xFF, 0xFF, 0xF8, 
    0x00, 0x3F, 0x8F, 0xC7, 0xF6, 0x33, 0xFF, 0xFF, 0xFF, 0xFF, 0xFE, 0x7F, 0x9F, 0xFF, 0xFF, 0xFF, 
    0xFF, 0xFF, 0xFF, 0xFF, 0xFF, 0x88, 0xFF, 0xFF, 0xDF, 0xFF, 0xFF, 0xFF, 0xFF, 0xFF, 0xFF, 0xF0, 
    0xFF, 0xFF, 0xFF, 0xFF, 0xFF, 0xFF, 0xFF, 0xFF, 0xFF, 0xFF, 0xE0, 0x1F, 0xFF, 0xFF, 0xFF, 0xFF, 
    0xFF, 0xFF, 0xFF, 0xFF, 0xFF, 0xFF, 0xFA, 0x3F, 0xFF, 0xFF, 0xF9, 0xFF, 0xFC, 0x7F, 0xFF, 0xE0, 
    0xFF, 0xFF, 0xFF, 0xFF, 0xFF, 0xFF, 0xFF, 0xFF, 0xFF, 0xFF, 0xFF, 0xFF, 0xFF, 0xFF, 0xFF, 0xFF, 
    0xFF, 0xFF, 0xFF, 0xFF, 0xFF, 0xFF, 0xFF, 0xE1, 0x1F, 0xFE, 0x1F, 0x8F, 0xEC, 0x47, 0xFF, 0xFF, 
    0xFF, 0xFF, 0xFC, 0xFF, 0xFF, 0xFF, 0xFF, 0xFF, 0xFF, 0xFF, 0xFF, 0xFF, 0xFF, 0x01, 0xFF, 0xFF, 
    0xDF, 0xFF, 0xFF, 0xFF, 0xFF, 0xFF, 0xFF, 0xF0, 0xFF, 0xFF, 0xFF, 0xFF, 0xFF, 0xFF, 0xFF, 0xFF, 
    0xFF, 0xFF, 0xF8, 0x1F, 0xFF, 0xFF, 0xFF, 0xFF, 0xFF, 0xFF, 0xFF, 0xFF, 0xFF, 0xFF, 0xF8, 0x8F, 
    0xFF, 0xFF, 0xFE, 0xFF, 0xFF, 0x3F, 0xFF, 0xE0, 0x3F, 0xFF, 0xFF, 0xFF, 0xFF, 0xFF, 0xFF, 0xFF, 
    0xFF, 0xFF, 0xFF, 0xFF, 0xFF, 0xFF, 0xFF, 0xFF, 0xFF, 0xFF, 0xFF, 0xFF, 0xFF, 0xFF, 0xFF, 0x00, 
    0x2F, 0xF8, 0x7E, 0x1F, 0xF1, 0xFF, 0xFF, 0xFF, 0xFF, 0xFF, 0xF1, 0xFF, 0xFF, 0xFF, 0xFF, 0xFF, 
    0xFF, 0xFF, 0xFF, 0xF3, 0xFF, 0x07, 0xFF, 0xFC, 0xFF, 0xFF, 0xFF, 0xFF, 0xFF, 0xFF, 0xFF, 0xF0, 
    0xFF, 0xFF, 0xFF, 0xFF, 0xFF, 0xFF, 0xFF, 0xFF, 0xFF, 0xFF, 0xFE, 0x01, 0xFF, 0xFF, 0xFF, 0xFF, 
    0xFF, 0xFF, 0xFF, 0xFF, 0xFF, 0xFF, 0xE6, 0x43, 0xFF, 0xFF, 0xFF, 0x9F, 0xFF, 0xFF, 0xFF, 0xF1, 
    0x1F, 0xFF, 0xFF, 0xFF, 0xFF, 0xFF, 0xFF, 0xFF, 0xFF, 0xFF, 0xFF, 0xFF, 0xFF, 0xFF, 0xFF, 0xFF, 
    0xFF, 0xFF, 0xFF, 0xFF, 0xFF, 0xFF, 0xFC, 0x06, 0x7F, 0xF1, 0xFC, 0x7F, 0xE3, 0xFF, 0xFF, 0xFF, 
    0xFF, 0xFF, 0xE3, 0xFF, 0xFF, 0xFF, 0xFF, 0xFF, 0xFF, 0xFF, 0xFF, 0xF3, 0xFE, 0x1F, 0xFF, 0xF1, 
    0xFF, 0xFF, 0xFF, 0xFF, 0xFF, 0xFF, 0xFF, 0xF0, 0xFF, 0xFF, 0xFF, 0xFF, 0xFF, 0xFF, 0xFF, 0xFF, 
    0xFF, 0xFF, 0xFF, 0x01, 0xFC, 0xFF, 0xFF, 0xFF, 0xFF, 0xFF, 0xFF, 0xFF, 0xFF, 0xFB, 0xFB, 0xF0, 
    0xFF, 0xFF, 0xFF, 0xC7, 0xFF, 0xFC, 0xFF, 0xF0, 0x07, 0xFF, 0xFF, 0xFF, 0xFF, 0xFF, 0xFF, 0xFF, 
    0xFF, 0xFF, 0xFF, 0xFF, 0xFF, 0xFF, 0xFF, 0xFF, 0xFF, 0xFF, 0xFF, 0xFF, 0xFF, 0xFF, 0xF8, 0x1C, 
    0x7E, 0x77, 0xF8, 0xFF, 0x8F, 0xFF, 0xFF, 0xFF, 0xFF, 0xFF, 0xCF, 0xFF, 0xFF, 0xFF, 0xFF, 0xFF, 
    0xFF, 0xFF, 0xFF, 0xF1, 0xF8, 0x3F, 0xFF, 0xC7, 0xFF, 0xFF, 0xFF, 0xFF, 0xFF, 0xFF, 0xFF, 0xF0, 
    0xFF, 0xFF, 0xFF, 0xFF, 0xFF, 0xFF, 0xFF, 0xFF, 0xFF, 0xFF, 0xFF, 0xC1, 0xBC, 0xFF, 0xFF, 0xFF, 
    0xFF, 0xFF, 0xFF, 0xFF, 0xFF, 0xF8, 0xFF, 0xF8, 0x3F, 0xFF, 0xFF, 0xE1, 0xFF, 0xFE, 0x3F, 0xF8, 
    0x03, 0xFF, 0xFF, 0xFF, 0xFF, 0xFF, 0xFF, 0xFF, 0xFF, 0xFF, 0xFF, 0xFF, 0xFF, 0xFF, 0xE1, 0xFF, 
    0xFF, 0xFF, 0xFF, 0xFF, 0xFF, 0xFF, 0xE0, 0x3C, 0xF8, 0xFF, 0xF1, 0xFE, 0x1F, 0xFF, 0xFF, 0xFF, 
    0xFF, 0xFF, 0x1F, 0xFF, 0xFF, 0xFF, 0xFF, 0xFF, 0xFF, 0xFF, 0xFF, 0xE1, 0xE1, 0xFF, 0xFF, 0xDF, 
    0xFF, 0xFF, 0xFF, 0xFF, 0xFF, 0xFF, 0xFF, 0xF0, 0xFF, 0xFF, 0xFF, 0xFF, 0xFF, 0xFF, 0xFF, 0xF9, 
    0xFF, 0xFF, 0xFF, 0xF0, 0x38, 0x7F, 0xFF, 0xFF, 0xFF, 0xFF, 0xFF, 0xFF, 0xFF, 0xFE, 0xFF, 0xFE, 
    0x1F, 0xFF, 0xFF, 0xF8, 0xFF, 0xFF, 0x87, 0xFC, 0x10, 0xDF, 0xFF, 0xFF, 0xFF, 0xFF, 0xFF, 0xFF, 
    0xFF, 0xFF, 0xFF, 0xFF, 0xFF, 0xFF, 0x00, 0x7F, 0xFF, 0xFF, 0xFF, 0xFF, 0xFF, 0xFF, 0xC4, 0xF9, 
    0xE3, 0xFF, 0xC7, 0xFC, 0x7F, 0xFF, 0xFF, 0xFF, 0xFF, 0xFF, 0x7F, 0xFF, 0xFF, 0xFF, 0xFF, 0xFF, 
    0xFF, 0xFF, 0xFF, 0xE0, 0x03, 0xFF, 0xFF, 0xFF, 0xFF, 0xFF, 0xFF, 0xFF, 0xFF, 0xFF, 0xFF, 0xF0, 
    0xFF, 0xFF, 0xFF, 0xFF, 0xFF, 0xFF, 0xFF, 0xF8, 0x7F, 0xFF, 0xFF, 0xF8, 0x18, 0x7F, 0xFF, 0xFF, 
    0xFF, 0xFF, 0xFF, 0xFF, 0xFF, 0xFF, 0xE7, 0xF7, 0x8F, 0xFF, 0xFF, 0xFC, 0x3F, 0xFF, 0xE1, 0xFC, 
    0xCC, 0x0F, 0xFF, 0xFF, 0xFF, 0xFF, 0xFF, 0xFF, 0xFF, 0xFF, 0xFF, 0xFF, 0xFF, 0xFC, 0x1A, 0x1F, 
    0xFF, 0xFF, 0xFF, 0xFF, 0xFF, 0xFF, 0x8F, 0xF3, 0xE7, 0xFF, 0x8F, 0xF0, 0xFF, 0xFF, 0xFF, 0xFF, 
    0xFF, 0xFF, 0xFF, 0xFF, 0xFF, 0xFF, 0xFF, 0xFF, 0xFE, 0x7F, 0xFF, 0xE0, 0x0F, 0xFF, 0xFF, 0xFF, 
    0xFF, 0xFF, 0xFF, 0xFF, 0xFF, 0xFF, 0xFF, 0xF0, 0xFF, 0xFF, 0xFF, 0xFF, 0xFF, 0xFF, 0xFF, 0xFE, 
    0x3F, 0xFF, 0xFF, 0xFE, 0x18, 0x7F, 0xFF, 0xFF, 0xCF, 0xFF, 0xFF, 0xFF, 0xFF, 0xFF, 0xF3, 0xF3, 
    0xC7, 0xFF, 0xFF, 0xFF, 0x0F, 0xFF, 0xFC, 0x7E, 0x66, 0x07, 0xFF, 0xFF, 0xFF, 0xFF, 0xFF, 0xFF, 
    0xFF, 0xFF, 0xFF, 0xFF, 0xFF, 0xE0, 0x79, 0x8F, 0xFF, 0xFF, 0xFF, 0xFF, 0xFF, 0xFF, 0x1F, 0xE6, 
    0xFF, 0xFF, 0x1F, 0xC3, 0xFF, 0xFF, 0xFF, 0xFF, 0xC6, 0x1F, 0xFF, 0xFF, 0xFF, 0xFF, 0xFF, 0xFF, 
    0xFE, 0x7F, 0xFF, 0x60, 0x3F, 0xFF, 0xFF, 0xFF, 0xFF, 0xFF, 0xFF, 0xFF, 0xFF, 0xFF, 0xFF, 0xF0, 
    0xFF, 0xFF, 0xFF, 0xFF, 0xFF, 0xFF, 0xFF, 0xFF, 0xC3, 0xFF, 0xFF, 0xFF, 0x88, 0x7F, 0xFF, 0xFF, 
    0xCF, 0xFF, 0xFF, 0xFF, 0xFF, 0xFF, 0xFE, 0x79, 0xE3, 0xFF, 0xFF, 0xFF, 0xC7, 0xFF, 0xFF, 0xFF, 
    0xFF, 0xC3, 0xFF, 0xFF, 0xFF, 0xFF, 0xFF, 0xFF, 0xFF, 0xFF, 0xFF, 0xFF, 0xFF, 0x07, 0xFF, 0xF8, 
    0x7F, 0xFF, 0xFF, 0xFF, 0xFF, 0xF8, 0x3F, 0xF9, 0xFF, 0xFE, 0x7F, 0x0F, 0xFF, 0xFF, 0xFF, 0xFF, 
    0x0C, 0x3F, 0xFF, 0xFF, 0xFF, 0xFF, 0xFF, 0xFF, 0xFC, 0x7F, 0xFE, 0x00, 0xFF, 0xFF, 0xFF, 0xFF, 
    0xFF, 0xFF, 0xFF, 0xFF, 0xFF, 0xFF, 0xFF, 0xF0, 0xFF, 0xFF, 0xFF, 0xFF, 0xFF, 0xFF, 0xFF, 0xFF, 
    0xF0, 0x7F, 0xFF, 0xFF, 0xC0, 0x7F, 0xFF, 0xFF, 0x87, 0xFF, 0xFF, 0xFF, 0xFF, 0xFF, 0xFF, 0x3C, 
    0x78, 0xFF, 0xFF, 0xFF, 0xE1, 0xFF, 0xFF, 0xFE, 0x3F, 0xE1, 0xFF, 0xFF, 0xFF, 0xFF, 0xFF, 0xFF, 
    0xFF, 0xE1, 0xFF, 0xFF, 0xF0, 0x3F, 0xF3, 0xFE, 0x01, 0xFF, 0xFF, 0xFF, 0xFE, 0x00, 0x7F, 0xC3, 
    0xFF, 0xF8, 0xFC, 0x3F, 0xFF, 0xFF, 0xFF, 0xFC, 0x7F, 0xFF, 0xFF, 0xFF, 0xFF, 0xFF, 0xFF, 0xFF, 
    0xFC, 0x3F, 0xFE, 0x03, 0xFF, 0xFF, 0xFF, 0xFF, 0xFF, 0xFF, 0xFF, 0xFF, 0xFF, 0xFF, 0xFF, 0xF0, 
    0xFF, 0xFF, 0xFF, 0xFF, 0xFF, 0xFF, 0xFF, 0xFF, 0xFC, 0x3F, 0xFF, 0xFF, 0xE0, 0x7F, 0xFF, 0xFF, 
    0x87, 0xFF, 0xFF, 0xFF, 0xFF, 0xFF, 0xFF, 0xFF, 0x3C, 0x7F, 0xFF, 0xFF, 0xF8, 0x7F, 0xFF, 0xFF, 
    0x1F, 0xF8, 0x3F, 0xFF, 0xFF, 0xFF, 0xFF, 0xFF, 0xFF, 0xE1, 0x3F, 0xFF, 0xC3, 0xFF, 0xE7, 0xFF, 
    0xC7, 0x1F, 0xFF, 0xFF, 0xF8, 0x00, 0xFD, 0x0F, 0xFF, 0xF1, 0x90, 0xFF, 0xFF, 0xFF, 0xFF, 0xF7, 
    0xFF, 0xFF, 0xFF, 0xFF, 0xFF, 0xFF, 0xFF, 0xFF, 0xFC, 0x3F, 0xFC, 0x0F, 0xFF, 0xFF, 0xFF, 0xFF, 
    0xFF, 0xFF, 0xFF, 0xFF, 0xFF, 0xFF, 0xFF, 0xF0, 0xFF, 0xFF, 0xFF, 0xFF, 0xFF, 0xFF, 0xFF, 0xFF, 
    0xFF, 0x1F, 0xFF, 0xFF, 0xF8, 0x1F, 0xFF, 0xFF, 0x87, 0xFF, 0xFF, 0xFF, 0xFF, 0xFF, 0xFF, 0xFF, 
    0x9E, 0x1F, 0xFF, 0xFF, 0xFE, 0x3F, 0xFF, 0xFF, 0xC0, 0xFC, 0x1F, 0xFF, 0xFF, 0xFF, 0xFF, 0xFF, 
    0xF5, 0xFF, 0xF8, 0xDC, 0xCF, 0xFF, 0xFF, 0xFF, 0xFF, 0xF9, 0xFF, 0xFF, 0xE0, 0x71, 0xF0, 0x3F, 
    0xFF, 0xE3, 0xA3, 0xFF, 0xFF, 0xFF, 0xFF, 0xE7, 0xFF, 0xFF, 0xFF, 0xFF, 0xFF, 0xFF, 0x8F, 0xFF, 
    0xFC, 0x3D, 0xF0, 0x3F, 0xFF, 0xFF, 0xFF, 0xFF, 0xFF, 0x7F, 0xFF, 0xFF, 0xFF, 0xFF, 0xFF, 0xF0, 
    0xFF, 0xFF, 0xFF, 0xFF, 0xFF, 0xFF, 0xFF, 0xFF, 0xFF, 0x1F, 0xFF, 0xFF, 0xFC, 0x03, 0xFF, 0xFF, 
    0x07, 0xFF, 0xFF, 0xFF, 0xFF, 0xFF, 0xFF, 0xFF, 0xF1, 0x87, 0xFF, 0xFF, 0xFF, 0xBF, 0xFF, 0xFF, 
    0xE0, 0x7F, 0x0F, 0xFF, 0xFF, 0xFF, 0xFF, 0xFF, 0x87, 0xF3, 0xFC, 0xC0, 0xFF, 0xFF, 0xFF, 0xFF, 
    0xFF, 0xFC, 0xFF, 0xFF, 0xC1, 0xE7, 0xE2, 0x7F, 0xFF, 0xCC, 0x8F, 0xFF, 0xFF, 0xFF, 0xFF, 0xFF, 
    0xFF, 0xFF, 0xFF, 0xFF, 0xFF, 0xFF, 0x8F, 0xFF, 0xF8, 0x00, 0xC1, 0xFF, 0xFF, 0xFF, 0xFF, 0xFF, 
    0xFC, 0x3F, 0xFF, 0xFF, 0xFF, 0xFF, 0xFF, 0xF0, 0xFF, 0xFF, 0xFF, 0xFF, 0xFF, 0xFF, 0xFF, 0xFF, 
    0xFF, 0x0F, 0xFF, 0xFF, 0xFF, 0x03, 0xFF, 0xFF, 0x07, 0xFF, 0xFF, 0xFF, 0xFF, 0xFF, 0xFF, 0xFF, 
    0xFC, 0x43, 0xFF, 0xFF, 0xFF, 0xFF, 0xFF, 0xFF, 0xF9, 0x7D, 0xC1, 0xCF, 0xFF, 0xFF, 0xFF, 0xF3, 
    0x1F, 0xFF, 0xFF, 0xE1, 0xFF, 0xFF, 0xFF, 0xFF, 0xFF, 0xFF, 0xFF, 0xFF, 0x03, 0xEF, 0xC7, 0xFF, 
    0xFF, 0x11, 0xBF, 0xFF, 0xFF, 0xFF, 0xFF, 0xFF, 0xFF, 0xFF, 0xFF, 0xFF, 0xFF, 0xFF, 0x8F, 0xFF, 
    0xF8, 0x00, 0x07, 0xFF, 0xFF, 0xFF, 0xFF, 0xFF, 0xF8, 0xFF, 0xFF, 0xFF, 0xFF, 0xFF, 0xFF, 0xF0, 
    0xFF, 0xFF, 0xFF, 0xFF, 0xFF, 0xFF, 0xFF, 0xFF, 0xFF, 0xC7, 0xFF, 0xFF, 0xFF, 0xC3, 0xFF, 0xFF, 
    0x07, 0xFF, 0xFF, 0xFF, 0xFF, 0xFF, 0xFF, 0xFF, 0xFF, 0x00, 0xFF, 0xFF, 0xFF, 0xFF, 0xFF, 0xFF, 
    0xFC, 0xFE, 0xF0, 0x0F, 0xFF, 0xFF, 0xFF, 0x87, 0xFF, 0xFF, 0xFE, 0x3F, 0xFF, 0xFF, 0xFF, 0xFF, 
    0xFF, 0xFF, 0xFF, 0xF2, 0x1F, 0xFF, 0x9F, 0xFF, 0xFE, 0x37, 0xFF, 0xFF, 0xFF, 0xFF, 0xFF, 0xFF, 
    0xFF, 0xFF, 0xFF, 0xFF, 0xFF, 0xFF, 0x0F, 0xFF, 0xE8, 0x00, 0x3F, 0xFF, 0xFF, 0xFF, 0xFF, 0xFF, 
    0xFB, 0xFF, 0xFF, 0xFF, 0xFF, 0xFF, 0xFF, 0xF0, 0xFF, 0xFF, 0xFF, 0xFF, 0xFF, 0xFF, 0xFF, 0xFF, 
    0xFF, 0xE3, 0xFF, 0xFF, 0xFF, 0xE1, 0xFC, 0xFE, 0x03, 0xFF, 0xFF, 0xFF, 0xFF, 0xFF, 0xFF, 0xFF, 
    0xFF, 0xC2, 0x1F, 0xFF, 0xFF, 0xFF, 0xFF, 0xFF, 0xFE, 0x73, 0x3C, 0x07, 0xFF, 0xFF, 0xFF, 0xBF, 
    0xFF, 0xFF, 0xFE, 0xFF, 0xFF, 0xFF, 0xF7, 0xFF, 0xFF, 0xFF, 0xFF, 0xC0, 0x37, 0xFF, 0x3F, 0xFF, 
    0xF8, 0x7F, 0xFF, 0xFF, 0xFF, 0xFF, 0xFF, 0xFF, 0xFF, 0xFF, 0xFF, 0xFF, 0xFF, 0xFF, 0x0F, 0xFF, 
    0xC0, 0x01, 0xFF, 0xFF, 0xFF, 0xFF, 0xFF, 0xE3, 0xFF, 0xFF, 0xFF, 0xFF, 0xFF, 0xFF, 0xFF, 0xF0, 
    0xFF, 0xFF, 0xFF, 0xFF, 0xFF, 0xFF, 0xFF, 0xFF, 0xFF, 0xF3, 0xFF, 0xFF, 0xFF, 0xF8, 0x7C, 0xF7, 
    0x01, 0xFF, 0xFF, 0xFF, 0xFF, 0xFF, 0xFF, 0xFF, 0xFF, 0xF1, 0x87, 0xFF, 0xFF, 0xFF, 0xBF, 0xFF, 
    0xFF, 0xF8, 0x9E, 0x43, 0xFF, 0xFF, 0xFF, 0xFF, 0xFF, 0xFF, 0xFF, 0xFF, 0xFF, 0xFF, 0xFF, 0xFF, 
    0xFF, 0xFF, 0xFF, 0x00, 0xE7, 0xFF, 0xFF, 0xFF, 0xF1, 0xFF, 0xFF, 0xFF, 0xFF, 0xFF, 0xFF, 0xFF, 
    0xFF, 0xFF, 0xFF, 0xFF, 0xFF, 0xFF, 0x07, 0xFF, 0xC0, 0x0F, 0xFF, 0xFF, 0xFF, 0xFF, 0xFF, 0x87, 
    0xFF, 0xFF, 0xFF, 0xFF, 0xFF, 0xFF, 0xFF, 0xF0, 0xFF, 0xFF, 0xFF, 0xFF, 0xFF, 0xFF, 0xFF, 0xFF, 
    0xFF, 0xED, 0xFF, 0xFF, 0xFF, 0xF0, 0x38, 0x63, 0x03, 0xFF, 0xFF, 0xFF, 0xFF, 0xFF, 0xFF, 0xFF, 
    0xFF, 0xFF, 0xE1, 0xFF, 0xFF, 0xFF, 0xCF, 0xFF, 0xFF, 0xFC, 0x7F, 0x90, 0xFF, 0xFF, 0xFF, 0xFF, 
    0xFF, 0xFF, 0xFF, 0xFF, 0xFF, 0xFF, 0xFF, 0xFF, 0xFF, 0xFF, 0xF0, 0x03, 0xFF, 0xFF, 0xFF, 0xFF, 
    0xE3, 0xFF, 0xFF, 0xFF, 0xFF, 0xFF, 0xFF, 0xFF, 0xFF, 0xFF, 0xFF, 0xFF, 0xFF, 0xFF, 0x07, 0xFC, 
    0x80, 0x7F, 0xFF, 0xFF, 0xFF, 0xFF, 0xFC, 0x1F, 0xFF, 0xFF, 0xFF, 0xFF, 0xFF, 0xFF, 0xFF, 0xF0, 
    0xFF, 0xFF, 0xFF, 0xFF, 0xFF, 0xFF, 0xFF, 0xFF, 0xFF, 0xE3, 0x7F, 0xFF, 0xFF, 0xF3, 0x08, 0x62, 
    0x01, 0xFF, 0xFF, 0xFF, 0xFF, 0xFF, 0xFF, 0xFF, 0xFF, 0xFF, 0xFC, 0x7F, 0xFF, 0xFF, 0xFF, 0xFF, 
    0xFF, 0xFE, 0x1F, 0xC4, 0x07, 0xFF, 0xFF, 0xFF, 0xFF, 0xFF, 0xFF, 0xFF, 0xFF, 0xFF, 0xFF, 0xFF, 
    0xFF, 0xFF, 0xC0, 0x0F, 0xE3, 0xFF, 0xFF, 0xFF, 0xFF, 0xFF, 0xFF, 0xFF, 0xFF, 0xFF, 0xFF, 0xFF, 
    0xFF, 0xFF, 0xFF, 0xFF, 0xFF, 0xFE, 0x06, 0x3C, 0x83, 0xFF, 0xFF, 0xC3, 0xFF, 0xFF, 0xE0, 0x1F, 
    0xFF, 0xFF, 0xFF, 0xFF, 0xFF, 0xFF, 0xFF, 0xF0, 0xFF, 0xFF, 0xFF, 0xFF, 0xFF, 0xFF, 0xFF, 0xFF, 
    0xFF, 0xF1, 0x1F, 0xFF, 0xFF, 0xFF, 0xC0, 0x42, 0x01, 0xFF, 0xFF, 0x9F, 0xFF, 0xFF, 0xFF, 0xFF, 
    0xFF, 0xFF, 0xFF, 0x0F, 0xFF, 0xFF, 0xFF, 0xFF, 0xFF, 0xFF, 0x8F, 0xF1, 0x03, 0xFF, 0xFF, 0xFF, 
    0xFF, 0xFF, 0xFF, 0xFF, 0xFF, 0xFF, 0xFF, 0xFF, 0xFF, 0xFF, 0x00, 0xFF, 0x8F, 0xFF, 0xFF, 0xFF, 
    0xFF, 0xFF, 0xFF, 0xFF, 0xFF, 0xFF, 0xFF, 0xFF, 0xFF, 0xFF, 0xFF, 0xFF, 0xFF, 0xFE, 0x02, 0x3C, 
    0x0F, 0xFF, 0xFF, 0xC0, 0x00, 0x00, 0x00, 0xFF, 0xFF, 0xFF, 0xFF, 0xFF, 0xFF, 0xFF, 0xFF, 0xF0, 
    0xFF, 0xFF, 0xFF, 0xFF, 0xFF, 0xFF, 0xFF, 0xFF, 0xFF, 0x8C, 0xCF, 0xFF, 0xFF, 0xFF, 0xC0, 0x42, 
    0x01, 0xFF, 0xFF, 0x9F, 0xFF, 0xFF, 0xFF, 0xFF, 0xFF, 0xFF, 0xFF, 0xCF, 0xFF, 0xFF, 0xFF, 0xFF, 
    0xFF, 0xFF, 0xE7, 0xFC, 0x40, 0x7F, 0xFF, 0xFF, 0xFF, 0xFF, 0xFF, 0xFF, 0xFF, 0xFF, 0xFF, 0xFF, 
    0xFF, 0xF8, 0x23, 0xFF, 0x1F, 0xFF, 0xFF, 0xFF, 0xFF, 0xFF, 0xFF, 0xFF, 0xFF, 0xFF, 0xFF, 0xFF, 
    0xFF, 0xFF, 0xBF, 0xFF, 0xFF, 0xFE, 0x02, 0x30, 0x3F, 0xFF, 0xFC, 0x00, 0x00, 0x00, 0x61, 0xFF, 
    0xFF, 0xFF, 0xFF, 0xFF, 0xFF, 0xFF, 0xFF, 0xF0, 0xFF, 0xFF, 0xFF, 0xFF, 0xFF, 0xFF, 0xFF, 0xFF, 
    0xFF, 0xC2, 0x63, 0xFF, 0xFF, 0xFF, 0xC0, 0x40, 0x21, 0x9F, 0xFF, 0x1F, 0xFF, 0xFF, 0xFF, 0xFF, 
    0xFF, 0xFF, 0xFF, 0xFF, 0xFF, 0xFF, 0xFF, 0xFF, 0xFF, 0xFF, 0xFF, 0xFF, 0x38, 0x2F, 0xFF, 0xFF, 
    0xFF, 0xFF, 0xFF, 0xFF, 0xFF, 0xFF, 0xFF, 0xFF, 0xFF, 0x80, 0x8F, 0xCF, 0xFF, 0xFF, 0xFF, 0xFF, 
    0xFF, 0xFF, 0xFF, 0xFF, 0xF9, 0xFF, 0xFF, 0xFF, 0xFF, 0xFF, 0x1F, 0xFF, 0xFF, 0xFE, 0x02, 0x01, 
    0xFF, 0xFF, 0xE0, 0x00, 0x01, 0xE0, 0x47, 0xFF, 0xFF, 0xFF, 0xFF, 0xFF, 0xFF, 0xFF, 0xFF, 0xF0, 
    0xFF, 0xFF, 0xFF, 0xFF, 0xFF, 0xFF, 0xFF, 0xFF, 0xFF, 0xF0, 0xF8, 0xFF, 0xFF, 0xFF, 0xFC, 0x00, 
    0x01, 0x9F, 0xFF, 0x0F, 0xFF, 0xFF, 0xFF, 0xFF, 0xFF, 0xFF, 0xFF, 0xFF, 0xFF, 0xFF, 0xFF, 0xFF, 
    0xFF, 0xFF, 0xFF, 0x1F, 0xFE, 0x07, 0xFF, 0xFF, 0xFF, 0xFF, 0xFF, 0xFF, 0xFF, 0xFF, 0xFF, 0xFF, 
    0xF8, 0x07, 0x3F, 0x0F, 0xFF, 0xFF, 0xFF, 0xFF, 0xFF, 0xFF, 0xFF, 0xFF, 0xEB, 0xFF, 0xFF, 0xFF, 
    0xFF, 0xFF, 0x1F, 0xFF, 0xFF, 0xF2, 0x00, 0x07, 0xFF, 0xFF, 0x81, 0xFF, 0xFE, 0xFC, 0xFF, 0xFF, 
    0xFF, 0xFF, 0xFF, 0xFF, 0xFF, 0xFF, 0xFF, 0xF0, 0xFF, 0xFF, 0xFF, 0xFF, 0xFF, 0xFF, 0xFF, 0xFF, 
    0xFF, 0xFC, 0x3C, 0x3F, 0xFF, 0xFF, 0xFF, 0x80, 0x01, 0x8F, 0xFF, 0x0F, 0xFF, 0xFF, 0xFF, 0xFF, 
    0xFF, 0xFF, 0xFF, 0xFF, 0xFF, 0xFF, 0xFF, 0xFF, 0xFF, 0xFF, 0xFF, 0x8F, 0xFF, 0x80, 0x3F, 0xFF, 
    0xFF, 0xFF, 0xFF, 0xFF, 0xFF, 0xFF, 0xFF, 0xFE, 0x00, 0x3F, 0xFE, 0x3F, 0xFF, 0xFF, 0xFF, 0xFF, 
    0xFF, 0xFF, 0xFF, 0xFF, 0x8F, 0xFF, 0xFF, 0xFF, 0xFF, 0xFF, 0x0F, 0xFF, 0xFF, 0xE2, 0x00, 0x1F, 
    0xFF, 0xFF, 0x07, 0xFF, 0xF1, 0xFF, 0xFF, 0xFF, 0xFF, 0xFF, 0xFF, 0xFF, 0xFF, 0xFF, 0xFF, 0xF0, 
    0xFF, 0xFF, 0xFF, 0xFF, 0xFF, 0xFF, 0xFF, 0xFF, 0xFF, 0xFF, 0x91, 0x0F, 0xFF, 0xFF, 0xFF, 0xE0, 
    0x00, 0x0F, 0xFF, 0x0F, 0xFF, 0xFF, 0xFF, 0xFF, 0xFF, 0xFF, 0xFF, 0xFF, 0xFF, 0xFF, 0xFF, 0xFF, 
    0xFF, 0xFF, 0xFF, 0xFF, 0xFF, 0xE0, 0x3F, 0xFF, 0xFF, 0xFF, 0xFF, 0xFF, 0xFF, 0xFF, 0xFF, 0xF8, 
    0x03, 0xFF, 0xE7, 0xFF, 0xFF, 0xFF, 0xFF, 0xFF, 0xFF, 0xFF, 0xFF, 0xFF, 0xBF, 0xFF, 0xFF, 0xFF, 
    0xFF, 0xFF, 0x0F, 0xF7, 0xFF, 0xE0, 0x10, 0x7F, 0xFF, 0xFE, 0x1F, 0xBF, 0x87, 0xFF, 0xFF, 0xFF, 
    0xFF, 0xFF, 0xFF, 0xFF, 0xFF, 0xFF, 0xFF, 0xF0, 0xFF, 0xFF, 0xFF, 0xFF, 0xFF, 0xFF, 0xFF, 0xFF, 
    0xFF, 0xFF, 0xF8, 0x03, 0xFF, 0xFF, 0xFF, 0xF8, 0x08, 0x0F, 0xFE, 0x0F, 0xFF, 0xFF, 0xE7, 0xFF, 
    0xFF, 0xFF, 0xFF, 0xFF, 0xFF, 0xFF, 0xFF, 0xFF, 0xFF, 0xFF, 0xFF, 0xFF, 0xFF, 0xFC, 0x0C, 0xFF, 
    0xFF, 0xFF, 0xFF, 0xFF, 0xFF, 0xFF, 0xFF, 0xE0, 0x7F, 0xFE, 0x0F, 0xFF, 0xFF, 0xFF, 0xFF, 0xFF, 
    0xFF, 0xFF, 0xFF, 0xFF, 0xFF, 0xFF, 0xFF, 0xFC, 0xFF, 0xFF, 0x0F, 0xE3, 0xFF, 0xC0, 0x01, 0xFF, 
    0xFF, 0xFC, 0x3F, 0xFE, 0x1F, 0xFF, 0xFF, 0xFF, 0xFF, 0xFF, 0xFF, 0xFF, 0xFF, 0xFF, 0xFF, 0xF0, 
    0xFF, 0xFF, 0xFF, 0xFF, 0xFF, 0xFF, 0xFF, 0xFF, 0xFF, 0xFF, 0xFE, 0x01, 0xFF, 0xFF, 0xFF, 0xFE, 
    0x02, 0x07, 0xE6, 0x0F, 0xFF, 0xFF, 0xC7, 0xFF, 0xFF, 0xFF, 0xFF, 0xFF, 0xFF, 0xFF, 0xFF, 0xFF, 
    0xFF, 0xFF, 0xFF, 0xFF, 0xFF, 0xFF, 0x80, 0xFF, 0xFF, 0xFF, 0xFF, 0xFF, 0xFF, 0xFF, 0xFF, 0x07, 
    0xFF, 0xF0, 0x7F, 0xFF, 0xFF, 0xFF, 0xFF, 0xFF, 0xFF, 0xFF, 0xFF, 0xFF, 0xFF, 0xFF, 0xFF, 0xFC, 
    0xFF, 0xFE, 0x0F, 0xE3, 0xFF, 0xC0, 0x0F, 0xFF, 0xFF, 0xF8, 0xFF, 0xF0, 0x7F, 0xFF, 0xFF, 0xFF, 
    0xFF, 0xFF, 0xFF, 0xFF, 0xFF, 0xFF, 0xFF, 0xF0, 0xFF, 0xFF, 0xFF, 0xFF, 0xFF, 0xFF, 0xFF, 0xFF, 
    0xFF, 0xFF, 0xFF, 0x80, 0x7F, 0xFF, 0xFF, 0xFF, 0x00, 0x07, 0xC6, 0x07, 0xFF, 0xFF, 0xC3, 0xFF, 
    0xFF, 0xFF, 0xFF, 0xFF, 0xFF, 0xFF, 0xFF, 0xFF, 0xFF, 0xFF, 0xFF, 0xFF, 0xFF, 0xFF, 0xF0, 0x1F, 
    0xFF, 0xFF, 0xFF, 0xFF, 0xFF, 0xFF, 0xFE, 0x1F, 0xFF, 0xF3, 0xFF, 0xFF, 0xFF, 0xFF, 0xC1, 0xFF, 
    0xFF, 0xFF, 0xFF, 0xEF, 0xFF, 0xFF, 0xFF, 0xF8, 0x7F, 0xFE, 0x0F, 0xE3, 0xFF, 0x80, 0x7F, 0xFF, 
    0xFF, 0xC1, 0xFF, 0xC3, 0xFF, 0xFF, 0xFF, 0xFF, 0xFF, 0xFF, 0xFF, 0xFF, 0xFF, 0xFF, 0xFF, 0xF0, 
    0xFF, 0xFF, 0xFF, 0xFF, 0xFF, 0xFF, 0xFF, 0xFF, 0xFF, 0xFF, 0xFF, 0xF0, 0x3F, 0xFF, 0xFF, 0xFF, 
    0xC0, 0x07, 0xC6, 0x07, 0xFF, 0xFF, 0xC3, 0xFF, 0xFF, 0xFF, 0xFF, 0xFF, 0xFF, 0xFF, 0xF9, 0xFF, 
    0xFF, 0xFF, 0xFF, 0xFF, 0xFF, 0xFF, 0xFE, 0x01, 0xFF, 0xFF, 0xFF, 0xFF, 0xFF, 0xFF, 0xE4, 0xFF, 
    0xFF, 0xFF, 0xFF, 0xFF, 0xFF, 0xFE, 0x03, 0xFF, 0xFF, 0xFF, 0x89, 0xFF, 0xFF, 0xFF, 0xFF, 0xF8, 
    0x7F, 0xFE, 0x0F, 0xE1, 0xFF, 0x80, 0xFF, 0xFF, 0xFF, 0x03, 0xFF, 0x0F, 0xFF, 0xFF, 0xFF, 0xFF, 
    0xFF, 0xFF, 0xFF, 0xFF, 0xFF, 0xFF, 0xFF, 0xF0, 0xFF, 0xFF, 0xFF, 0xFF, 0xFF, 0xFF, 0xFF, 0xFF, 
    0xFF, 0xFF, 0xFF, 0xFC, 0x0F, 0xFF, 0xFF, 0xFF, 0xE1, 0x02, 0x44, 0x07, 0xBF, 0xFF, 0xC3, 0xFF, 
    0xFF, 0xFF, 0xFF, 0xFF, 0xFF, 0xFF, 0xF8, 0x7F, 0xFF, 0xFF, 0xFF, 0xFF, 0xFF, 0xFF, 0xFE, 0xC0, 
    0xFF, 0xFF, 0xFF, 0xFF, 0xFF, 0xFC, 0x07, 0xFF, 0xFF, 0xFF, 0xFF, 0xFF, 0xFF, 0xF8, 0x0F, 0xFF, 
    0xFF, 0xFE, 0x0F, 0xFF, 0xFF, 0xFF, 0xFF, 0xF8, 0x7F, 0xFC, 0x0C, 0xE1, 0xB3, 0x03, 0xFF, 0xFF, 
    0xF8, 0x07, 0xF8, 0x3F, 0xFF, 0xFF, 0xFF, 0xFF, 0xFF, 0xFF, 0xFF, 0xFF, 0xFF, 0xFF, 0xFF, 0xF0, 
    0xFF, 0xFF, 0xFF, 0xFF, 0xFF, 0xFF, 0xFF, 0xFF, 0xFF, 0xFF, 0xFF, 0xFF, 0x03, 0xFF, 0xFF, 0xFF, 
    0xF8, 0x40, 0x00, 0x03, 0x3F, 0xFF, 0x83, 0xFF, 0xFF, 0xFF, 0xFF, 0xFF, 0xFF, 0xFF, 0xFE, 0x0F, 
    0xFF, 0xFF, 0xFF, 0xFF, 0xFF, 0xFF, 0xFF, 0x78, 0x1F, 0xFF, 0xFF, 0xFF, 0xFF, 0xE0, 0x3F, 0xFF, 
    0xFF, 0xFF, 0xFF, 0xFF, 0xFF, 0xE0, 0xFF, 0xFF, 0xFF, 0xF8, 0x7E, 0x7F, 0xFF, 0xFE, 0xFF, 0xF0, 
    0x7F, 0xFC, 0x04, 0x41, 0x12, 0x0F, 0xFF, 0xFF, 0xE0, 0x9F, 0xC0, 0x7F, 0xFF, 0xFF, 0xFF, 0xFF, 
    0xFF, 0xFF, 0xFF, 0xFF, 0xFF, 0xFF, 0xFF, 0xF0, 0xFF, 0xFF, 0xFF, 0xFF, 0xFF, 0xFF, 0xFF, 0xFF, 
    0xFF, 0xFF, 0xFF, 0xFF, 0xC1, 0xFF, 0xFF, 0xFF, 0xFF, 0x78, 0x00, 0x03, 0x3F, 0xFF, 0x83, 0xFF, 
    0xFF, 0xFF, 0xFF, 0xFF, 0xFF, 0xFF, 0xFF, 0xC1, 0xFF, 0xFF, 0xFF, 0xFF, 0xFF, 0xFF, 0xFF, 0xFF, 
    0x01, 0xFF, 0xFF, 0xFF, 0xFE, 0x03, 0xFF, 0xFF, 0xFF, 0xFF, 0xFF, 0xFF, 0xFF, 0x87, 0xFF, 0xFF, 
    0xFF, 0xE1, 0xFF, 0xFF, 0xFF, 0xFE, 0x7F, 0xF0, 0x7F, 0xE4, 0x44, 0x40, 0x00, 0x7F, 0xFF, 0xFF, 
    0xC2, 0x3F, 0x03, 0xFF, 0xFF, 0xFF, 0xFF, 0xFF, 0xFF, 0xFF, 0xFF, 0xFF, 0xFF, 0xFF, 0xFF, 0xF0, 
    0xFF, 0xFF, 0xFF, 0xFF, 0xFF, 0xFF, 0xFF, 0xFF, 0xFF, 0xFF, 0xFF, 0xFF, 0xF0, 0xFF, 0xFF, 0xFF, 
    0xFF, 0xFE, 0x00, 0x82, 0x3F, 0xFF, 0x83, 0xFF, 0xFF, 0xFF, 0xFF, 0xFF, 0xFF, 0xFF, 0xFF, 0xF9, 
    0xFF, 0xFF, 0xFF, 0xFF, 0xFF, 0xFF, 0xFF, 0xFF, 0xE0, 0x3F, 0xFF, 0xFF, 0xFC, 0x3F, 0xFF, 0xFF, 
    0xFF, 0xFF, 0xFF, 0xFF, 0xFF, 0x1F, 0xFF, 0xFF, 0xFF, 0xC7, 0xFF, 0xFF, 0xFF, 0xFC, 0x7F, 0xF8, 
    0x77, 0xE4, 0x00, 0x00, 0x01, 0xFF, 0xFF, 0xFF, 0x8F, 0xF8, 0x3F, 0xFF, 0xFF, 0xFF, 0xFF, 0xFF, 
    0xFF, 0xFF, 0xFF, 0xFF, 0xFF, 0xFF, 0xFF, 0xF0, 0xFF, 0xFF, 0xFF, 0xFF, 0xFF, 0xFF, 0xFF, 0xFF, 
    0xFF, 0xFF, 0xFF, 0xFF, 0xFC, 0x7F, 0xFF, 0xFF, 0xFF, 0xFF, 0xC0, 0x00, 0x1F, 0xFF, 0x00, 0xFF, 
    0xFF, 0xFF, 0xFF, 0xFF, 0xFF, 0xFF, 0xFF, 0xFF, 0x1F, 0xFF, 0xFF, 0xFF, 0xFF, 0xFF, 0xFF, 0xFF, 
    0xFC, 0x03, 0xFF, 0xFF, 0xFD, 0xFF, 0xFF, 0xFF, 0xFF, 0xFF, 0xFF, 0xFF, 0xFE, 0x7F, 0xFF, 0xFF, 
    0xFF, 0x1F, 0xFF, 0xFF, 0xFF, 0xFC, 0x7F, 0xF0, 0x23, 0xE4, 0x00, 0x00, 0x0F, 0xFF, 0xFF, 0xFF, 
    0x1F, 0xC1, 0xFF, 0xFF, 0xFF, 0xFF, 0xFF, 0xFF, 0xFF, 0xFF, 0xFF, 0xFF, 0xFF, 0xFF, 0xFF, 0xF0, 
    0xFF, 0xFF, 0xFF, 0xFF, 0xFF, 0xFF, 0xFF, 0xFF, 0xFF, 0xFF, 0xFF, 0xFF, 0xFF, 0x1F, 0xFF, 0xFF, 
    0xFF, 0xFF, 0xF8, 0x00, 0x1F, 0xF3, 0x01, 0xFF, 0xFF, 0xFF, 0xFF, 0xFF, 0xFF, 0xFF, 0xFF, 0xFF, 
    0x8F, 0xFF, 0xFF, 0xFF, 0xFF, 0xFF, 0xFF, 0xFF, 0xFF, 0xC1, 0xFF, 0xFF, 0xFF, 0xFF, 0xFF, 0xFF, 
    0xFF, 0xFF, 0xFF, 0xFF, 0xFF, 0xFF, 0xFF, 0xFF, 0xFF, 0x3F, 0xFF, 0xFF, 0xFF, 0xFC, 0x3F, 0xE0, 
    0x23, 0x00, 0x70, 0x01, 0xFF, 0xFF, 0xFF, 0xFE, 0x7F, 0x07, 0xFF, 0xFF, 0xFF, 0xFF, 0xFF, 0xFF, 
    0xFF, 0xFF, 0xFF, 0xFF, 0xFF, 0xFF, 0xFF, 0xF0, 0xFF, 0xFF, 0xFF, 0xFF, 0xFF, 0xFF, 0xFF, 0xFF, 
    0xFF, 0xFF, 0xFF, 0xFF, 0xFF, 0x8F, 0xFF, 0xFF, 0xFF, 0xFF, 0xFF, 0x00, 0x0B, 0xE3, 0x01, 0xCF, 
    0xFF, 0xFF, 0xFF, 0xFF, 0xFF, 0xFF, 0xFF, 0xFF, 0xFF, 0xFF, 0xFF, 0xFB, 0xFF, 0xFF, 0xFF, 0xFF, 
    0xFF, 0xFE, 0x0F, 0xFF, 0xFF, 0xFF, 0xFF, 0xFF, 0xFF, 0xFF, 0xFF, 0xFF, 0xFF, 0xFF, 0xFF, 0xFF, 
    0xFF, 0xFF, 0xFF, 0xFF, 0xFF, 0xFC, 0x3E, 0x70, 0x22, 0x00, 0xC0, 0x1F, 0xFF, 0xFF, 0xFF, 0xF7, 
    0xFC, 0x3F, 0xFF, 0xFF, 0xFF, 0xFF, 0xFF, 0xFF, 0xFF, 0xFF, 0xFF, 0xFF, 0xFF, 0xFF, 0xFF, 0xF0, 
    0xFF, 0xFF, 0xFF, 0xFF, 0xFF, 0xFF, 0xFF, 0xFF, 0xFF, 0xFF, 0xFF, 0xFF, 0xFF, 0xF1, 0xC7, 0xFF, 
    0xFF, 0xFF, 0xFF, 0xE0, 0x01, 0x63, 0x00, 0xCF, 0xFF, 0xFF, 0xFF, 0xFF, 0xFF, 0xFF, 0xFF, 0xFF, 
    0xFF, 0xFF, 0xFF, 0xF8, 0xFF, 0xFF, 0xFF, 0xFF, 0xFF, 0xFF, 0x01, 0xFF, 0xFF, 0xFF, 0xFF, 0xFF, 
    0xFE, 0xFF, 0xFF, 0xFF, 0xFF, 0xFF, 0xFF, 0xFF, 0xFF, 0xFF, 0xFF, 0xFF, 0xFF, 0xF8, 0x3E, 0x20, 
    0x20, 0x03, 0x01, 0xC7, 0xFF, 0xFF, 0xFF, 0xC7, 0xFF, 0xFF, 0xFF, 0xFF, 0xFF, 0xFF, 0xFF, 0xFF, 
    0xFF, 0xFF, 0xFF, 0xFF, 0xFF, 0xFF, 0xFF, 0xF0, 0xFF, 0xFF, 0xFF, 0xFF, 0xFF, 0xFF, 0xFF, 0xFF, 
    0xFF, 0xFF, 0xFF, 0xFF, 0xFF, 0xF9, 0xF0, 0xFF, 0xFF, 0xFF, 0xFF, 0xFE, 0x01, 0x22, 0x00, 0x87, 
    0xFF, 0xFF, 0xFF, 0xFF, 0xFF, 0xFF, 0xFF, 0xFF, 0xFF, 0xFF, 0xFF, 0xFF, 0xCF, 0xFF, 0xFF, 0xFF, 
    0xFF, 0xFF, 0xF0, 0x7F, 0xFF, 0xFF, 0xFF, 0xFF, 0xC3, 0xFF, 0xFF, 0xFF, 0xFF, 0xFF, 0xFD, 0xFF, 
    0xFF, 0xFF, 0xFF, 0xFF, 0xFF, 0xF8, 0x26, 0x20, 0x00, 0x00, 0x0E, 0x1F, 0xFF, 0xFF, 0xFE, 0x0F, 
    0xFF, 0xFF, 0xFF, 0xFF, 0xFF, 0xFF, 0xFF, 0xFF, 0xFF, 0xFF, 0xFF, 0xFF, 0xFF, 0xFF, 0xFF, 0xF0, 
    0xFF, 0xFF, 0xFF, 0xFF, 0xFF, 0xFF, 0xFF, 0xFF, 0xFF, 0xFF, 0xFF, 0xFF, 0xFF, 0xFF, 0xFC, 0x3F, 
    0xFF, 0xFF, 0xFF, 0xFF, 0xC0, 0x00, 0x00, 0x87, 0xFE, 0x7F, 0xFF, 0xFF, 0xFF, 0xFF, 0xFF, 0xFF, 
    0xFF, 0xFF, 0xFF, 0xFF, 0xE3, 0xFF, 0xFF, 0xFF, 0xFF, 0xFF, 0xFF, 0x7F, 0xFF, 0xFF, 0xFF, 0xF8, 
    0x0F, 0xFF, 0xFF, 0xFF, 0xFF, 0xFF, 0xF1, 0xFF, 0xFF, 0xFF, 0xFF, 0xFF, 0xFF, 0xF8, 0x02, 0x20, 
    0x00, 0x00, 0xFC, 0xFF, 0xFF, 0xFF, 0xF8, 0x3F, 0xFF, 0xFF, 0xFF, 0xFF, 0xFF, 0xFF, 0xFF, 0xFF, 
    0xFF, 0xFF, 0xFF, 0xFF, 0xFF, 0xFF, 0xFF, 0xF0, 0xFF, 0xFF, 0xFF, 0xFF, 0xFF, 0xFF, 0xFF, 0xFF, 
    0xFF, 0xFF, 0xFF, 0xFF, 0xFF, 0xFF, 0xFF, 0x0F, 0xFF, 0xFF, 0xFF, 0xFF, 0xFC, 0x00, 0x00, 0x87, 
    0xFE, 0x7F, 0xFF, 0xFF, 0xFF, 0xFF, 0xFF, 0xFF, 0xFF, 0xFF, 0xFF, 0xFF, 0xF8, 0x7F, 0xFF, 0xFF, 
    0xFF, 0xFF, 0xFF, 0xFC, 0x1F, 0xFF, 0xFF, 0xC0, 0xFF, 0xFF, 0xFF, 0xFF, 0xFF, 0xFF, 0xC7, 0xCF, 
    0xFF, 0xFF, 0xFF, 0xFF, 0x3F, 0xF8, 0x02, 0x00, 0x00, 0x03, 0xFF, 0xFF, 0xFF, 0xFF, 0xE0, 0xFF, 
    0xFF, 0xFF, 0xFF, 0xFF, 0xFF, 0xFF, 0xFF, 0xFF, 0xFF, 0xFF, 0xFF, 0xFF, 0xFF, 0xFF, 0xFF, 0xF0, 
    0xFF, 0xFF, 0xFF, 0xFF, 0xFF, 0xFF, 0xFF, 0xFF, 0xFF, 0xFF, 0xFF, 0xFF, 0xFF, 0xFF, 0xFF, 0xC3, 
    0xFF, 0xFF, 0xFF, 0xFF, 0xFF, 0x80, 0x24, 0x07, 0xFE, 0x3F, 0xFF, 0xFF, 0xFF, 0xFF, 0xFF, 0xFF, 
    0xFF, 0xFF, 0xFF, 0xFF, 0xFE, 0x1F, 0xFF, 0xFF, 0xFF, 0xFF, 0xFF, 0xFF, 0x03, 0xFF, 0xFE, 0x07, 
    0xFF, 0xFF, 0xFF, 0xFF, 0xFF, 0xFC, 0x1F, 0x9F, 0xFF, 0xFF, 0xFF, 0xFF, 0x3F, 0xC8, 0x02, 0x04, 
    0x00, 0x3F, 0xFF, 0xFF, 0xFF, 0xFF, 0x07, 0xFF, 0xFF, 0xE7, 0xFF, 0xFF, 0xFF, 0xFF, 0xFF, 0xFF, 
    0xFF, 0xFF, 0xFF, 0xFF, 0xFF, 0xFF, 0xFF, 0xF0, 0xFF, 0xFF, 0xFF, 0xFF, 0xFF, 0xFF, 0xFF, 0xFF, 
    0xFF, 0xFF, 0xFF, 0xFF, 0xFF, 0xFF, 0xFF, 0xF8, 0x7F, 0xFF, 0xFF, 0xFF, 0xFF, 0xF8, 0x42, 0x03, 
    0xFC, 0x3F, 0xFF, 0xFF, 0xFF, 0xFF, 0xFF, 0xFF, 0xFF, 0xFF, 0xFF, 0xFF, 0xFF, 0x87, 0xFF, 0xFF, 
    0xFF, 0xFF, 0xFF, 0xFF, 0xF1, 0xFF, 0xC0, 0x3F, 0xFF, 0xFF, 0xFF, 0xFF, 0xFF, 0xC0, 0x7F, 0xFF, 
    0xFF, 0xFF, 0xFF, 0xFE, 0x1F, 0xC8, 0x00, 0x00, 0x03, 0xFF, 0xFF, 0xFF, 0xFF, 0xFE, 0x3F, 0xFF, 
    0xFE, 0x07, 0xFF, 0xFF, 0xFF, 0xFF, 0xFF, 0xFF, 0xFF, 0xFF, 0xFF, 0xFF, 0xFF, 0xFF, 0xFF, 0xF0, 
    0xFF, 0xFF, 0xFF, 0xFF, 0xFF, 0xFF, 0xFF, 0xFF, 0xFF, 0xFF, 0xFF, 0xFF, 0xFF, 0xFF, 0xFF, 0xFE, 
    0x1F, 0xFF, 0xFF, 0xFF, 0xFF, 0xFF, 0xC0, 0x03, 0xCC, 0x3F, 0xFF, 0xFF, 0xFF, 0xFF, 0xFF, 0xFF, 
    0xFF, 0xFF, 0xFF, 0xFF, 0xFF, 0xE1, 0xFF, 0xFF, 0xFF, 0xFF, 0xFF, 0xFF, 0xFF, 0xFC, 0x03, 0xFF, 
    0xFF, 0xFF, 0xFF, 0xFF, 0xFF, 0x03, 0xFF, 0xFF, 0xFF, 0xFF, 0xFF, 0xFE, 0x1F, 0x80, 0x80, 0x00, 
    0x7F, 0xFF, 0xFF, 0xFF, 0xFF, 0xFF, 0xFF, 0xFF, 0xE0, 0x1F, 0xFF, 0xFF, 0xFF, 0xFF, 0xFF, 0xFF, 
    0xFF, 0xFF, 0xFF, 0xFF, 0xFF, 0xFF, 0xFF, 0xF0, 0xFF, 0xFF, 0xFF, 0xFF, 0xFF, 0xFF, 0xFF, 0xFF, 
    0xFF, 0xFF, 0xFF, 0xFF, 0xFF, 0xFF, 0xFF, 0xFF, 0x8F, 0xFF, 0xFF, 0xFF, 0xFF, 0xFF, 0xF0, 0x01, 
    0xC8, 0x3F, 0xFF, 0xFF, 0xFF, 0xFF, 0xFF, 0xFF, 0xFF, 0xFF, 0xFF, 0xFF, 0xFF, 0x78, 0x7F, 0xFF, 
    0xFF, 0xFF, 0xFF, 0xFF, 0xFF, 0xF0, 0x3F, 0xFF, 0xFF, 0xFF, 0xFF, 0xFF, 0xF0, 0x1F, 0xFF, 0xFF, 
    0xFF, 0xFF, 0xFF, 0xFE, 0x0F, 0x81, 0x80, 0x07, 0xFF, 0xFF, 0xFF, 0xFF, 0xFF, 0xFF, 0xFF, 0xFE, 
    0x01, 0xFF, 0xFF, 0xFF, 0xFF, 0xFF, 0xFF, 0xFF, 0xFF, 0xFF, 0xFF, 0xFF, 0xFF, 0xFF, 0xFF, 0xF0, 
    0xFF, 0xFF, 0xFF, 0xFF, 0xFF, 0xFF, 0xFF, 0xFF, 0xFF, 0xFF, 0xFF, 0xFF, 0xFF, 0xFF, 0xFF, 0xFF, 
    0xC7, 0xFF, 0xFF, 0xFF, 0xFF, 0xFF, 0xFF, 0x01, 0x80, 0x37, 0xFF, 0xFF, 0xFF, 0xFF, 0xFF, 0xFF, 
    0xFF, 0xFF, 0xFF, 0xFF, 0xFF, 0x8E, 0x1F, 0xFF, 0xFF, 0xFF, 0xFF, 0xFF, 0xC3, 0xE1, 0xFF, 0xFF, 
    0xFF, 0xFF, 0xFF, 0xFF, 0x01, 0xFF, 0xFF, 0xFF, 0xFF, 0xFF, 0xFF, 0xFE, 0x0C, 0x80, 0x00, 0x7F, 
    0xFF, 0xFF, 0xFF, 0xFF, 0xFF, 0xFF, 0xFF, 0xF0, 0x0F, 0xFF, 0xFF, 0xFF, 0xFF, 0xFF, 0xFF, 0xFF, 
    0xFF, 0xFF, 0xFF, 0xFF, 0xFF, 0xFF, 0xFF, 0xF0, 0xFF, 0xFF, 0xFF, 0xFF, 0xFF, 0xFF, 0xFF, 0xFF, 
    0xFF, 0xFF, 0xFF, 0xFF, 0xFF, 0xFF, 0xFF, 0xFF, 0xC7, 0xFF, 0xFF, 0xFF, 0xFF, 0xFF, 0xFF, 0xE0, 
    0x00, 0x03, 0xEF, 0xE7, 0xFF, 0xFF, 0xFF, 0xFF, 0xFF, 0xFF, 0xFF, 0xFF, 0xFF, 0xE1, 0x87, 0xFF, 
    0xFF, 0xFF, 0xFF, 0xFE, 0x0F, 0xFF, 0xFF, 0xFF, 0xFF, 0xFF, 0xFF, 0xF0, 0x1F, 0xFF, 0xFF, 0xFF, 
    0xFF, 0xFF, 0xFB, 0xFE, 0x08, 0x80, 0x07, 0xFF, 0xE3, 0xFF, 0xFF, 0xFF, 0xFF, 0xFF, 0xFF, 0xC0, 
    0xFF, 0xFF, 0xFF, 0xFF, 0xFF, 0xFF, 0xFF, 0xFF, 0xFF, 0xFF, 0xFF, 0xFF, 0xFF, 0xFF, 0xFF, 0xF0, 
    0xFF, 0xFF, 0xFF, 0xFF, 0xFF, 0xFF, 0xFF, 0xFF, 0xFF, 0xFF, 0xFF, 0xFF, 0xFF, 0xFF, 0xFF, 0xFF, 
    0xFE, 0x7F, 0xFF, 0xFF, 0xFF, 0xFF, 0xFF, 0xFE, 0x01, 0x03, 0xC7, 0xE7, 0xFF, 0xFF, 0xFB, 0xFF, 
    0xFF, 0xFF, 0xFF, 0xFF, 0xFF, 0xFC, 0x21, 0xFF, 0xFF, 0xFF, 0xFF, 0xF0, 0x30, 0xFF, 0xFF, 0xFF, 
    0xFF, 0xFF, 0xFE, 0x03, 0xFF, 0xFF, 0xFF, 0xFF, 0xFF, 0xFF, 0xF3, 0xFE, 0x08, 0x00, 0x7F, 0xFF, 
    0xE7, 0xFF, 0xFF, 0xFF, 0xFF, 0xFF, 0xFE, 0x07, 0xFF, 0xFF, 0xFF, 0xFF, 0xFF, 0xFF, 0xFF, 0xFF, 
    0xFF, 0xFF, 0xFF, 0xFF, 0xFF, 0xFF, 0xFF, 0xF0, 0xFF, 0xFF, 0xFF, 0xFF, 0xFF, 0xFF, 0xFF, 0xFF, 
    0xFF, 0xFF, 0xFF, 0xFF, 0xFF, 0xFF, 0xFF, 0xFF, 0xFF, 0x3F, 0xFF, 0xFF, 0xFF, 0xFF, 0xFF, 0xFF, 
    0xFD, 0x02, 0x47, 0xC3, 0xFF, 0xFF, 0xF3, 0xFF, 0xFF, 0xFF, 0xFF, 0xFF, 0xFF, 0xFF, 0x38, 0x1F, 
    0xFF, 0xFF, 0xFF, 0xE1, 0xC3, 0xFF, 0xFF, 0xFF, 0xFF, 0xFF, 0xC8, 0x3F, 0xFF, 0xFF, 0xFF, 0xFF, 
    0xFF, 0xFF, 0xE1, 0xF0, 0x00, 0x03, 0xFF, 0xFE, 0x7F, 0xFF, 0xFF, 0xFF, 0xFF, 0x8F, 0xF0, 0x3F, 
    0xFF, 0xFF, 0xFF, 0xFF, 0xFF, 0xFF, 0xFF, 0xFF, 0xFF, 0xFF, 0xFF, 0xFF, 0xFF, 0xFF, 0xFF, 0xF0, 
    0xFF, 0xFF, 0xFF, 0xFF, 0xFF, 0xFF, 0xFF, 0xFF, 0xFF, 0xFF, 0xFF, 0xFF, 0xFF, 0xFF, 0xFF, 0xFF, 
    0xFF, 0xBF, 0xFF, 0xFF, 0xFF, 0xFF, 0xFF, 0xFF, 0xFE, 0x00, 0x03, 0xC3, 0xFF, 0xFF, 0xE1, 0xFF, 
    0xFF, 0xFF, 0xFF, 0xFF, 0xFF, 0xFF, 0xFF, 0x0F, 0xFF, 0xFF, 0xFF, 0x8F, 0x8F, 0xFF, 0xFF, 0xFF, 
    0xFF, 0xFF, 0xCF, 0xFF, 0xFF, 0xFF, 0xFF, 0xFF, 0xFF, 0xFF, 0xE1, 0xE0, 0x00, 0x1F, 0xFF, 0xFF, 
    0xFF, 0xFF, 0xFF, 0xFF, 0xFC, 0x9F, 0x80, 0xFF, 0xFF, 0xFF, 0xFF, 0xFF, 0xFF, 0xFF, 0xFF, 0xFF, 
    0xFF, 0xFF, 0xFF, 0xFF, 0xFF, 0xFF, 0xFF, 0xF0, 0xFF, 0xFF, 0xFF, 0xFF, 0xFF, 0xFF, 0xFF, 0xFF, 
    0xFF, 0xFF, 0xFF, 0xFF, 0xFF, 0xFF, 0xFF, 0xFF, 0xFF, 0xFF, 0xFF, 0xFF, 0xFF, 0xFF, 0xFF, 0xFF, 
    0xFF, 0xF8, 0x03, 0x43, 0xFF, 0xFF, 0xE1, 0xFF, 0xFF, 0xFF, 0xFF, 0xFF, 0xFF, 0xFF, 0xFF, 0xFF, 
    0xFF, 0xFF, 0xFF, 0xC7, 0x1F, 0xFF, 0xFF, 0xFF, 0xFF, 0xFF, 0xFF, 0xFF, 0xFF, 0xFF, 0xFF, 0xFF, 
    0x7F, 0xFF, 0xE1, 0xE0, 0x00, 0xFF, 0xFF, 0xFF, 0xFF, 0xFF, 0xFF, 0xFF, 0xC0, 0xF8, 0x0F, 0xFF, 
    0xFF, 0xFF, 0xFF, 0xFF, 0xFF, 0xFF, 0xFF, 0xFF, 0xFF, 0xFF, 0xFF, 0xFF, 0xFF, 0xFF, 0xFF, 0xF0, 
    0xFF, 0xFF, 0xFF, 0xFF, 0xFF, 0xFF, 0xFF, 0xFF, 0xFF, 0xFF, 0xFF, 0xFF, 0xFF, 0xFF, 0xFF, 0xFF, 
    0xFF, 0xFF, 0xFF, 0x1F, 0xFF, 0xFF, 0xFF, 0xFF, 0xFF, 0xFF, 0x00, 0x03, 0xFF, 0xFF, 0xE1, 0xFF, 
    0xFF, 0xFF, 0xFF, 0xFF, 0xFF, 0xFF, 0xFF, 0xFF, 0xFF, 0xFF, 0xFF, 0xE3, 0x9F, 0xFF, 0xFF, 0xFF, 
    0xFF, 0xFF, 0xFF, 0xFF, 0xFF, 0xFF, 0xFF, 0xFF, 0x3F, 0xFF, 0xE0, 0x80, 0x0F, 0xFF, 0xFF, 0xFF, 
    0xFF, 0xFF, 0xFF, 0xFE, 0x07, 0x80, 0xFF, 0xFF, 0xFF, 0xFF, 0xFF, 0xFF, 0xFF, 0xFF, 0xFF, 0xFF, 
    0xFF, 0xFF, 0xFF, 0xFF, 0xFF, 0xFF, 0xFF, 0xF0, 0xFF, 0xFF, 0xFF, 0xFF, 0xFF, 0xFF, 0xFF, 0xFF, 
    0xFF, 0xFF, 0xFF, 0xFF, 0xFF, 0xFF, 0xFF, 0xFF, 0xC7, 0xFF, 0xFF, 0xFF, 0xFF, 0xFF, 0xFF, 0xFF, 
    0xFF, 0xFF, 0xE0, 0x03, 0xFF, 0xFF, 0xE1, 0xFF, 0xFF, 0xFF, 0xFF, 0xFF, 0xFF, 0xFF, 0xFF, 0xFF, 
    0xFF, 0xFF, 0xFF, 0xF8, 0x1F, 0xFF, 0xFF, 0xFF, 0xFF, 0xFF, 0xFF, 0xFF, 0xFF, 0xFF, 0xFF, 0xFE, 
    0x3F, 0xFF, 0xC0, 0x00, 0x3F, 0xFF, 0xFF, 0xFF, 0xFF, 0xFF, 0xFF, 0xF0, 0x1C, 0x0F, 0xFF, 0xFF, 
    0xFF, 0xFF, 0xFF, 0xFF, 0xFF, 0xFF, 0xFF, 0xFF, 0xFF, 0xFF, 0xFF, 0xFF, 0xFF, 0xFF, 0xFF, 0xF0, 
    0xFF, 0xFF, 0xFF, 0xFF, 0xFF, 0xFF, 0xFF, 0xFF, 0xFF, 0xFF, 0xFF, 0xFF, 0xFF, 0xFF, 0xFF, 0xFF, 
    0xE3, 0xFF, 0xFF, 0xFF, 0x3F, 0xFF, 0xFF, 0xFF, 0xFF, 0xFF, 0xFC, 0x01, 0x7E, 0x73, 0xC0, 0xFF, 
    0xFF, 0xFF, 0xFF, 0xFF, 0xFF, 0xFF, 0xFF, 0xFF, 0xF9, 0x3F, 0xFF, 0xFF, 0x01, 0xFF, 0xFF, 0xFF, 
    0xFF, 0xFF, 0xFF, 0xFF, 0xFF, 0xFF, 0xFF, 0xFE, 0x3F, 0xFF, 0xC0, 0x01, 0xFF, 0xFF, 0xFF, 0xFF, 
    0xFF, 0xFF, 0xFF, 0xC1, 0xC7, 0xFF, 0xFF, 0xFF, 0xFF, 0xFF, 0xFF, 0xFF, 0xFF, 0xFF, 0xFF, 0xFF, 
    0xFF, 0xFF, 0xFF, 0xFF, 0xFF, 0xFF, 0xFF, 0xF0, 0xFF, 0xFF, 0xFF, 0xFF, 0xFF, 0xFF, 0xFF, 0xFF, 
    0xFF, 0xFF, 0xFF, 0xFF, 0xFF, 0xFF, 0xFF, 0xFF, 0xFF, 0x9F, 0xFF, 0xFF, 0x87, 0xFF, 0xFF, 0xFF, 
    0xFF, 0xFF, 0xFF, 0xC0, 0x7E, 0x71, 0xC1, 0xFF, 0xFF, 0xFF, 0xFF, 0xFF, 0xFF, 0xFF, 0xFF, 0xFF, 
    0xFF, 0xFF, 0xFF, 0xFF, 0xE0, 0x0F, 0xFF, 0xFF, 0xFF, 0xFF, 0xFF, 0xFF, 0xFF, 0xFF, 0xFF, 0xFE, 
    0x1F, 0xFF, 0xC0, 0x07, 0xFF, 0xFF, 0xFF, 0xFF, 0xFF, 0xFF, 0xFE, 0x07, 0xFF, 0xFF, 0xFF, 0xFF, 
    0xFF, 0xFF, 0xFF, 0xFF, 0xFF, 0xFF, 0xFF, 0xFF, 0xFF, 0xFF, 0xFF, 0xFF, 0xFF, 0xFF, 0xFF, 0xF0, 
    0xFF, 0xFF, 0xFF, 0xFF, 0xFF, 0xFF, 0xFF, 0xFF, 0xFF, 0xFF, 0xFF, 0xFF, 0xFF, 0xFF, 0xFF, 0xFF, 
    0xFF, 0x87, 0xFF, 0xFF, 0xE1, 0xFF, 0xFF, 0xFF, 0xFF, 0xFF, 0xFF, 0xF8, 0x32, 0x61, 0xC0, 0xFF, 
    0xFF, 0xFF, 0xFF, 0xFF, 0xFF, 0xFF, 0xFF, 0xFF, 0xFF, 0xFF, 0xFF, 0xFF, 0xFF, 0x00, 0xFF, 0xFF, 
    0xFF, 0xFF, 0xFF, 0xFF, 0xFF, 0xFF, 0xFF, 0xFE, 0x1C, 0x7E, 0x44, 0x1F, 0xFF, 0xFF, 0xFF, 0xFF, 
    0xFF, 0xFF, 0xF8, 0x3F, 0xFF, 0xFF, 0xFF, 0xFF, 0xFF, 0xFF, 0xFF, 0xFF, 0xFF, 0xFF, 0xFF, 0xFF, 
    0xFF, 0xFF, 0xFF, 0xFF, 0xFF, 0xFF, 0xFF, 0xF0, 0xFF, 0xFF, 0xFF, 0xFF, 0xFF, 0xFF, 0xFF, 0xFF, 
    0xFF, 0xFF, 0xFF, 0xFF, 0xFF, 0xFF, 0xFF, 0xFF, 0xFF, 0xE3, 0xFF, 0xFF, 0xFF, 0xDF, 0xCF, 0xFF, 
    0xFF, 0xFF, 0xFF, 0xFE, 0x02, 0x21, 0x80, 0xFF, 0xFF, 0xFF, 0xFF, 0xFF, 0xFF, 0xFF, 0xFF, 0xFF, 
    0xFF, 0xFF, 0xFF, 0xFF, 0xFD, 0xF8, 0x1F, 0xFF, 0xFF, 0xFF, 0xF9, 0xFF, 0xFF, 0xFF, 0xFF, 0xFC, 
    0x0C, 0x7E, 0x00, 0xFF, 0xFF, 0xFF, 0xFF, 0xFF, 0xFF, 0xFF, 0xC0, 0x7F, 0xFF, 0xFF, 0xFF, 0xFF, 
    0xFF, 0xFF, 0xFF, 0xFF, 0xFF, 0xFF, 0xFF, 0xFF, 0xFF, 0xFF, 0xFF, 0xFF, 0xFF, 0xFF, 0xFF, 0xF0, 
    0xFF, 0xFF, 0xFF, 0xFF, 0xFF, 0xFF, 0xFF, 0xFF, 0xFF, 0xFF, 0xFF, 0xFF, 0xFF, 0xFF, 0xFF, 0xFF, 
    0xFF, 0xFF, 0xFF, 0xFF, 0xFF, 0xC7, 0xC9, 0xFF, 0xFF, 0xFF, 0xFF, 0xFF, 0xC0, 0x21, 0x80, 0xFF, 
    0xFF, 0xFF, 0xFF, 0xFF, 0xFF, 0xFF, 0xFF, 0xFF, 0xFF, 0xFF, 0xFF, 0xFF, 0xFC, 0x7F, 0x03, 0xFF, 
    0xFF, 0xFF, 0xC1, 0xFF, 0xFF, 0xFF, 0xBF, 0xFC, 0x0C, 0x60, 0x03, 0xFF, 0xFF, 0xFF, 0xFF, 0xFF, 
    0xFF, 0xFE, 0x03, 0xFF, 0xFF, 0xFF, 0xFF, 0xFF, 0xFF, 0xFF, 0xFF, 0xFF, 0xFF, 0xFF, 0xFF, 0xFF, 
    0xFF, 0xFF, 0xFF, 0xFF, 0xFF, 0xFF, 0xFF, 0xF0, 0xFF, 0xFF, 0xFF, 0xFF, 0xFF, 0xFF, 0xFF, 0xFF, 
    0xFF, 0xFF, 0xFF, 0xFF, 0xFF, 0xFF, 0xFF, 0xFF, 0xFF, 0xFF, 0xFF, 0xFF, 0xFF, 0xE7, 0xFC, 0x00, 
    0x00, 0xFF, 0xFF, 0xFF, 0xE0, 0x20, 0x10, 0x9F, 0xF9, 0xFF, 0xFF, 0xFF, 0xFF, 0xFF, 0xFF, 0xFF, 
    0xFF, 0xFF, 0xFF, 0xFF, 0xFF, 0x1F, 0xE0, 0xFF, 0xFF, 0xCE, 0x07, 0xFF, 0xFF, 0xFF, 0x9F, 0xFC, 
    0x0C, 0x60, 0x0F, 0xFF, 0xFF, 0xFF, 0xFF, 0xFF, 0x87, 0xFC, 0x1F, 0xFF, 0xFF, 0xFF, 0xFF, 0xFF, 
    0xFF, 0xFF, 0xFF, 0xFF, 0xFF, 0xFF, 0xFF, 0xFF, 0xFF, 0xFF, 0xFF, 0xFF, 0xFF, 0xFF, 0xFF, 0xF0, 
    0xFF, 0xFF, 0xFF, 0xFF, 0xFF, 0xFF, 0xFF, 0xFF, 0xFF, 0xFF, 0xFF, 0xFF, 0xFF, 0xFF, 0xFF, 0xFF, 
    0xFF, 0xFF, 0xFF, 0xFF, 0xFF, 0xFF, 0xFF, 0xC0, 0x00, 0x3F, 0xFF, 0xFF, 0xF8, 0x00, 0x00, 0x09, 
    0xF9, 0xFF, 0xFF, 0xFF, 0xFF, 0xFF, 0xFF, 0xFF, 0xFF, 0xFF, 0xFF, 0xFF, 0xFF, 0xC7, 0xF8, 0x3F, 
    0xFF, 0x88, 0x7F, 0xFF, 0xFF, 0xFF, 0x1F, 0xCC, 0x00, 0x20, 0x3F, 0xFF, 0xFF, 0xFF, 0xFF, 0xF8, 
    0x0F, 0xF0, 0xFF, 0xFF, 0xFF, 0xFF, 0xFF, 0xFF, 0xFF, 0xFF, 0xFF, 0xFF, 0xFF, 0xFF, 0xFF, 0xFF, 
    0xFF, 0xFF, 0xFF, 0xFF, 0xFF, 0xFF, 0xFF, 0xF0, 0xFF, 0xFF, 0xFF, 0xFF, 0xFF, 0xFF, 0xFF, 0xFF, 
    0xFF, 0xFF, 0xFF, 0xFF, 0xFF, 0xFF, 0xFF, 0xFF, 0xFF, 0xFF, 0xFF, 0xFF, 0xFF, 0xFF, 0xFF, 0xFF, 
    0xF9, 0x0F, 0xFF, 0xFF, 0xFE, 0x00, 0x00, 0x08, 0xF1, 0xFF, 0xFF, 0xFF, 0xFF, 0xFF, 0xFF, 0xFF, 
    0xFF, 0xFF, 0xFF, 0xFF, 0xFF, 0xF1, 0xF9, 0x1F, 0xFD, 0xBB, 0xFF, 0xFF, 0xFF, 0xFF, 0x0D, 0x88, 
    0x00, 0x00, 0xFF, 0xFF, 0xFF, 0xFF, 0xFC, 0x00, 0x7F, 0x7F, 0xFF, 0xFF, 0xFF, 0xFF, 0xFF, 0xFF, 
    0xFF, 0xFF, 0xFF, 0xFF, 0xFF, 0xFF, 0xFF, 0xFF, 0xFF, 0xFF, 0xFF, 0xFF, 0xFF, 0xFF, 0xFF, 0xF0, 
    0xFF, 0xFF, 0xFF, 0xFF, 0xFF, 0xFF, 0xFF, 0xFF, 0xFF, 0xFF, 0xFF, 0xFF, 0xFF, 0xFF, 0xFF, 0xFF, 
    0xFF, 0xFF, 0xFF, 0xFF, 0xFF, 0xFF, 0xFF, 0xFF, 0xFC, 0x47, 0xFF, 0xFF, 0xFF, 0x80, 0x10, 0x00, 
    0xF0, 0xFF, 0xFF, 0xFF, 0xFF, 0xFF, 0xFF, 0xFF, 0xFF, 0xFF, 0xFF, 0xFF, 0xFF, 0xF1, 0xFC, 0x9F, 
    0xF9, 0xFF, 0xFF, 0xFF, 0xFF, 0xFF, 0x08, 0x80, 0x00, 0x01, 0xFF, 0xFF, 0xFF, 0xFF, 0x80, 0x1F, 
    0xFF, 0x7F, 0xFF, 0xFF, 0xFF, 0xFF, 0xFF, 0xFF, 0xFF, 0xFF, 0xFF, 0xFF, 0xFF, 0xFF, 0xFF, 0xFF, 
    0xFF, 0xFF, 0xFF, 0xFF, 0xFF, 0xFF, 0xFF, 0xF0, 0xFF, 0xFF, 0xFF, 0xFF, 0xFF, 0xFF, 0xFF, 0xFF, 
    0xFF, 0xFF, 0xFF, 0xFF, 0xFF, 0xFF, 0xFF, 0xFF, 0xFF, 0xFF, 0xFF, 0xFF, 0xFF, 0xFF, 0xFF, 0xFF, 
    0xFF, 0x01, 0xFF, 0xFF, 0xFF, 0xF0, 0x20, 0x00, 0xF0, 0xFF, 0xFF, 0xFF, 0xFF, 0xFF, 0xFF, 0xFF, 
    0xFF, 0xFF, 0xFF, 0xFF, 0xFF, 0xE1, 0xFE, 0x3F, 0xFF, 0xFF, 0xFF, 0xFF, 0xFF, 0xFF, 0x08, 0x80, 
    0xC0, 0x07, 0xFF, 0xFF, 0xFF, 0xFE, 0x0F, 0x5F, 0xFF, 0xFF, 0xFF, 0xFF, 0xFF, 0xFF, 0xFF, 0xFF, 
    0xFF, 0xFF, 0xFF, 0xFF, 0xFF, 0xFF, 0xFF, 0xFF, 0xFF, 0xFF, 0xFF, 0xFF, 0xFF, 0xFF, 0xFF, 0xF0, 
    0xFF, 0xFF, 0xFF, 0xFF, 0xFF, 0xFF, 0xFF, 0xFF, 0xFF, 0xFF, 0xFF, 0xFF, 0xFF, 0xFF, 0xFF, 0xFF, 
    0xFF, 0xFF, 0xFF, 0xFF, 0xFF, 0xFF, 0xFF, 0xFF, 0xFF, 0xE0, 0xFF, 0xFF, 0xFF, 0xFE, 0x01, 0x00, 
    0x20, 0xFF, 0xFF, 0xFF, 0xFF, 0xFF, 0xFF, 0xFF, 0xFF, 0xFF, 0xFF, 0xFF, 0xFF, 0x07, 0xF8, 0x7F, 
    0xFF, 0xFF, 0xFF, 0xFF, 0xFF, 0xFE, 0x00, 0x06, 0x3E, 0x3F, 0xFF, 0xFF, 0xFF, 0xF8, 0x7C, 0x7F, 
    0xFF, 0xFF, 0xFF, 0xFF, 0xFF, 0xFF, 0xFF, 0xFF, 0xFF, 0xFF, 0xFF, 0xFF, 0xFF, 0xFF, 0xFF, 0xFF, 
    0xFF, 0xFF, 0xFF, 0xFF, 0xFF, 0xFF, 0xFF, 0xF0, 0xFF, 0xFF, 0xFF, 0xFF, 0xFF, 0xFF, 0xFF, 0xFF, 
    0xFF, 0xFF, 0xFF, 0xFF, 0xFF, 0xFF, 0xFF, 0xFF, 0xFF, 0xFF, 0xFF, 0xFF, 0xFF, 0xFF, 0xFF, 0xFF, 
    0xFC, 0xFC, 0x3F, 0xFF, 0xFF, 0xFF, 0xC3, 0x00, 0x00, 0xFC, 0xFF, 0xFF, 0xFF, 0xFF, 0xFF, 0xFF, 
    0xFF, 0xFF, 0xFF, 0xFF, 0xFC, 0x1F, 0xE0, 0xFF, 0xFF, 0xFF, 0xFF, 0xFF, 0xEF, 0xFA, 0x00, 0x00, 
    0xFC, 0xFF, 0xFF, 0xFF, 0xFF, 0xF0, 0xFF, 0xFF, 0xFF, 0xFF, 0xFF, 0xFF, 0xFF, 0xFF, 0xFF, 0xFF, 
    0xFF, 0xFF, 0xFF, 0xFF, 0xFF, 0xFF, 0xFF, 0xFF, 0xFF, 0xFF, 0xFF, 0xFF, 0xFF, 0xFF, 0xFF, 0xF0, 
    0xFF, 0xFF, 0xFF, 0xFF, 0xFF, 0xFF, 0xFF, 0xFF, 0xFF, 0xFF, 0xFF, 0xFF, 0xFF, 0xFF, 0xFF, 0xFF, 
    0xFF, 0xFF, 0xFF, 0xFF, 0xFF, 0xFF, 0xFF, 0xFF, 0xFE, 0x7E, 0x0F, 0xFF, 0xFF, 0xFF, 0xF8, 0x40, 
    0x00, 0x7C, 0x7F, 0xFF, 0xFF, 0xFF, 0xFF, 0xFF, 0xFF, 0xFF, 0xFF, 0xFF, 0xE0, 0xFF, 0x81, 0xFF, 
    0xFF, 0xFF, 0xFF, 0xFF, 0xC7, 0xF0, 0x00, 0x03, 0xFF, 0xFF, 0xFF, 0xFF, 0xFF, 0xE3, 0xFF, 0xFF, 
    0xFF, 0xFF, 0xFF, 0xFF, 0xFF, 0xFF, 0xFF, 0xFF, 0xFF, 0xFF, 0xFF, 0xFF, 0xFF, 0xFF, 0xFF, 0xFF, 
    0xFF, 0xFF, 0xFF, 0xFF, 0xFF, 0xFF, 0xFF, 0xF0, 0xFF, 0xFF, 0xFF, 0xFF, 0xFF, 0xFF, 0xFF, 0xFF, 
    0xFF, 0xFF, 0xFF, 0xFF, 0xFF, 0xFF, 0xFF, 0xFF, 0xFF, 0xFF, 0xFF, 0xFF, 0xFF, 0xFF, 0xFF, 0xFF, 
    0xFF, 0xFF, 0x80, 0x7F, 0xFF, 0xFF, 0xFF, 0x03, 0x00, 0x58, 0x7F, 0xFF, 0xFF, 0xFF, 0xFF, 0xFF, 
    0xFF, 0xFF, 0xFF, 0xF8, 0x83, 0xFE, 0x07, 0xFF, 0xFF, 0xFF, 0xFF, 0xFF, 0xC6, 0x70, 0x01, 0xFF, 
    0xFF, 0xFF, 0xFF, 0xFF, 0xFF, 0x8F, 0xFF, 0xFF, 0xFF, 0xFF, 0xFF, 0xFF, 0xFF, 0xFF, 0xFF, 0xFF, 
    0xFF, 0xFF, 0xFF, 0xFF, 0xFF, 0xFF, 0xFF, 0xFF, 0xFF, 0xFF, 0xFF, 0xFF, 0xFF, 0xFF, 0xFF, 0xF0, 
    0xFF, 0xFF, 0xFF, 0xFF, 0xFF, 0xFF, 0xFF, 0xFF, 0xFF, 0xFF, 0xFF, 0xFF, 0xFF, 0xFF, 0xFF, 0xFF, 
    0xFF, 0xFF, 0xFF, 0xFF, 0xFF, 0xFF, 0xFF, 0xFF, 0xFF, 0xFF, 0xF0, 0x1F, 0xFF, 0xFF, 0xFF, 0xE0, 
    0x80, 0x08, 0x7F, 0xFF, 0xFF, 0xFF, 0xFF, 0xFF, 0xFF, 0xFF, 0xFF, 0x00, 0xBF, 0xE6, 0x3F, 0xFF, 
    0xFF, 0xFF, 0xFF, 0xFF, 0xC6, 0x60, 0x0D, 0xFF, 0xFF, 0xFF, 0xFF, 0xFF, 0xFF, 0x1F, 0xFF, 0xFF, 
    0xFF, 0xFF, 0xFF, 0xFF, 0xFF, 0xFF, 0xFF, 0xFF, 0xFF, 0xFF, 0xFF, 0xFF, 0xFF, 0xFF, 0xFF, 0xFF, 
    0xFF, 0xFF, 0xFF, 0xFF, 0xFF, 0xFF, 0xFF, 0xF0, 0xFF, 0xFF, 0xFF, 0xFF, 0xFF, 0xFF, 0xFF, 0xFF, 
    0xFF, 0xFF, 0xFF, 0xFF, 0xFF, 0xFF, 0xFF, 0xFF, 0xFF, 0xFF, 0xFF, 0xFF, 0xFF, 0xFF, 0xFF, 0xFF, 
    0xFF, 0xFF, 0xFF, 0x07, 0xFF, 0xFF, 0xFF, 0xFC, 0x38, 0x00, 0x5F, 0xFB, 0xFF, 0xFF, 0xFF, 0xFF, 
    0xFF, 0xFF, 0xE0, 0x03, 0xFF, 0x0F, 0xFF, 0xFF, 0xFF, 0xFF, 0xFF, 0xFF, 0x80, 0x00, 0xE3, 0xFF, 
    0xFF, 0xFF, 0xFF, 0xFF, 0xFC, 0x7F, 0xFF, 0xFF, 0xFF, 0xFF, 0xFF, 0xFF, 0xFF, 0xFF, 0xFF, 0xFF, 
    0xFF, 0xFF, 0xFF, 0xFF, 0xFF, 0xFF, 0xFF, 0xFF, 0xFF, 0xFF, 0xFF, 0xFF, 0xFF, 0xFF, 0xFF, 0xF0, 
    0xFF, 0xFF, 0xFF, 0xFF, 0xFF, 0xFF, 0xFF, 0xFF, 0xFF, 0xFF, 0xFF, 0xFF, 0xFF, 0xFF, 0xFF, 0xFF, 
    0xFF, 0xFF, 0xFF, 0xFF, 0xFF, 0xFF, 0xFF, 0xFF, 0xFF, 0xFF, 0xFF, 0xE1, 0xFF, 0xFF, 0xFF, 0xFF, 
    0xFE, 0x00, 0x0F, 0xF3, 0xFF, 0xFF, 0xFF, 0xFF, 0xFF, 0xFE, 0x00, 0x7F, 0xF0, 0x3F, 0xFF, 0xFF, 
    0xFF, 0xFF, 0xFF, 0xFE, 0x00, 0x0F, 0xC7, 0xDF, 0xFF, 0xFF, 0xFF, 0xFF, 0xF8, 0xBF, 0xDC, 0xFF, 
    0xFF, 0xFF, 0xFF, 0xFF, 0xFF, 0xFF, 0xFF, 0xFF, 0xFF, 0xFF, 0xFF, 0xFF, 0xFF, 0xFF, 0xFF, 0xFF, 
    0xFF, 0xFF, 0xFF, 0xFF, 0xFF, 0xFF, 0xFF, 0xF0, 0xFF, 0xFF, 0xFF, 0xFF, 0xFF, 0xFF, 0xFF, 0xFF, 
    0xFF, 0xFF, 0xFF, 0xFF, 0xFF, 0xFF, 0xFF, 0xFF, 0xFF, 0xFF, 0xFF, 0xFF, 0xFF, 0xFF, 0xFF, 0xFF, 
    0xFF, 0xFF, 0xFF, 0xE8, 0xFF, 0xFF, 0xFF, 0xFF, 0xFF, 0xE0, 0x0F, 0xE1, 0xFF, 0xFF, 0xFF, 0xFF, 
    0xFF, 0xE0, 0x0F, 0xFF, 0x81, 0xFF, 0xFF, 0xFF, 0xFF, 0xFF, 0xFF, 0xFE, 0x00, 0xFF, 0x1E, 0x1F, 
    0xFF, 0xFF, 0xF7, 0xFF, 0xE2, 0x3C, 0x0F, 0xFF, 0xFF, 0xFF, 0xFF, 0xFF, 0xFF, 0xFF, 0xFF, 0xFF, 
    0xFF, 0xFF, 0xFF, 0xFF, 0xFF, 0xFF, 0xFF, 0xFF, 0xFF, 0xFF, 0xFF, 0xFF, 0xFF, 0xFF, 0xFF, 0xF0, 
    0xFF, 0xFF, 0xFF, 0xFF, 0xFF, 0xFF, 0xFF, 0xFF, 0xFF, 0xFF, 0xFF, 0xFF, 0xFF, 0xFF, 0xFF, 0xFF, 
    0xFF, 0xFF, 0xFF, 0xFF, 0xFF, 0xFF, 0xFF, 0xFF, 0xFF, 0xFF, 0xFF, 0xE0, 0x3F, 0xFF, 0xFF, 0xFF, 
    0xFF, 0xFF, 0x83, 0xE1, 0xFF, 0xFF, 0xFF, 0xFF, 0xFF, 0x80, 0xFF, 0xFC, 0x0F, 0xFF, 0xFF, 0xFF, 
    0xFF, 0xFF, 0xFF, 0xFC, 0x07, 0xFE, 0xC3, 0xFF, 0xFF, 0xFF, 0x87, 0xFF, 0x88, 0xF0, 0x3F, 0xFF, 
    0xFF, 0xFF, 0xFF, 0xFF, 0xFF, 0xFF, 0xFF, 0xFF, 0xFF, 0xFF, 0xFF, 0xFF, 0xFF, 0xFF, 0xFF, 0xFF, 
    0xFF, 0xFF, 0xFF, 0xFF, 0xFF, 0xFF, 0xFF, 0xF0, 0xFF, 0xFF, 0xFF, 0xFF, 0xFF, 0xFF, 0xFF, 0xFF, 
    0xFF, 0xFF, 0xFF, 0xFF, 0xFF, 0xFF, 0xFF, 0xFF, 0xFF, 0xFF, 0xFF, 0xFF, 0xFF, 0xFF, 0xFF, 0xFF, 
    0xFF, 0xFF, 0xFF, 0xF8, 0x0F, 0xFF, 0xFF, 0xFF, 0xFF, 0xFF, 0xC0, 0x01, 0xFF, 0xFF, 0xFF, 0xFF, 
    0xF8, 0x0F, 0xFF, 0xE0, 0x7F, 0xFF, 0xFF, 0xFF, 0xFF, 0xFF, 0xE7, 0xE0, 0x3F, 0xF1, 0x9F, 0xFF, 
    0xFF, 0xFC, 0x1D, 0xFF, 0x11, 0xFF, 0xFF, 0xFF, 0xFF, 0xFF, 0xFF, 0xFF, 0xFF, 0xFF, 0xFF, 0xFF, 
    0xFF, 0xFF, 0xFF, 0xFF, 0xFF, 0xFF, 0xFF, 0xFF, 0xFF, 0xFF, 0xFF, 0xFF, 0xFF, 0xFF, 0xFF, 0xF0, 
    0xFF, 0xFF, 0xFF, 0xFF, 0xFF, 0xFF, 0xFF, 0xFF, 0xFF, 0xFF, 0xFF, 0xFF, 0xFF, 0xFF, 0xFF, 0xFF, 
    0xFF, 0xFF, 0xFF, 0xFF, 0xFF, 0xFF, 0xFF, 0xFF, 0xFF, 0xFF, 0xFF, 0xFC, 0x03, 0xFF, 0xFF, 0xFF, 
    0xFF, 0xFF, 0xF8, 0x01, 0xFC, 0xFF, 0xFF, 0xFF, 0xE0, 0xFF, 0xFF, 0x83, 0xFF, 0xFF, 0xFF, 0xFF, 
    0xFF, 0xFF, 0xC7, 0x01, 0xFF, 0xE3, 0xFF, 0xFF, 0xFF, 0xF0, 0xFF, 0xFC, 0x33, 0xFF, 0xFF, 0xFF, 
    0xFF, 0xFF, 0xFF, 0xFF, 0xFF, 0xFF, 0xFF, 0xFF, 0xFF, 0xFF, 0xFF, 0xFF, 0xFF, 0xFF, 0xFF, 0xFF, 
    0xFF, 0xFF, 0xFF, 0xFF, 0xFF, 0xFF, 0xFF, 0xF0, 0xFF, 0xFF, 0xFF, 0xFF, 0xFF, 0xFF, 0xFF, 0xFF, 
    0xFF, 0xFF, 0xFF, 0xFF, 0xFF, 0xFF, 0xFF, 0xFF, 0xFF, 0xFF, 0xFF, 0xFF, 0xFF, 0xFF, 0xFF, 0xFF, 
    0xFF, 0xFF, 0xFF, 0xFF, 0xF0, 0x3F, 0xFF, 0xFF, 0xFF, 0xFF, 0xFF, 0x00, 0x2C, 0xFF, 0xFF, 0xFF, 
    0x83, 0xFF, 0xFE, 0x1F, 0xFF, 0xFF, 0xFF, 0xFF, 0xFF, 0xFF, 0xC0, 0x0F, 0xFE, 0x3F, 0xFF, 0xFF, 
    0xFF, 0x13, 0xFF, 0xF8, 0xFF, 0xFF, 0xFF, 0xFF, 0xFF, 0xFF, 0xFF, 0xFF, 0xFF, 0xFF, 0xFF, 0xFF, 
    0xFF, 0xFF, 0xFF, 0xFF, 0xFF, 0xFF, 0xFF, 0xFF, 0xFF, 0xFF, 0xFF, 0xFF, 0xFF, 0xFF, 0xFF, 0xF0, 
    0xFF, 0xFF, 0xFF, 0xFF, 0xFF, 0xFF, 0xFF, 0xFF, 0xFF, 0xFF, 0xFF, 0xFF, 0xFF, 0xFF, 0xFF, 0xFF, 
    0xFF, 0xFF, 0xFF, 0xFF, 0xFF, 0xFF, 0xFF, 0xFF, 0xFF, 0xFF, 0xFF, 0xFF, 0xC4, 0x07, 0xFF, 0xFF, 
    0xFF, 0xFF, 0xFF, 0xF8, 0x00, 0x7F, 0xFF, 0xF9, 0x0F, 0xFF, 0xFC, 0x7F, 0xFF, 0xFF, 0xFF, 0xFF, 
    0xFF, 0xFC, 0x00, 0x7F, 0xF0, 0x7F, 0xFF, 0xFF, 0xFA, 0x3F, 0xFF, 0xE1, 0xFF, 0xFF, 0xFF, 0xFF, 
    0xFF, 0xFF, 0xFF, 0xFF, 0xFF, 0xFF, 0xFF, 0xFF, 0xFF, 0xFF, 0xFF, 0xFF, 0xFF, 0xFF, 0xFF, 0xFF, 
    0xFF, 0xFF, 0xFF, 0xFF, 0xFF, 0xFF, 0xFF, 0xF0, 0xFF, 0xFF, 0xFF, 0xFF, 0xFF, 0xFF, 0xFF, 0xFF, 
    0xFF, 0xFF, 0xFF, 0xFF, 0xFF, 0xFF, 0xFF, 0xFF, 0xFF, 0xFF, 0xFF, 0xFF, 0xFF, 0xFF, 0xFF, 0xFF, 
    0xFF, 0xFF, 0xFF, 0xFF, 0xE1, 0xF7, 0xFF, 0xFF, 0xFF, 0xFF, 0xFF, 0xFF, 0x00, 0x3F, 0xFF, 0xFE, 
    0x3F, 0xFF, 0xF9, 0xFF, 0xFF, 0xFF, 0xFF, 0xFF, 0xFF, 0xF8, 0x03, 0xFF, 0xC7, 0xFF, 0xFF, 0xFF, 
    0x83, 0xFF, 0xFF, 0xC7, 0xFF, 0xFF, 0xFF, 0xFF, 0xFF, 0xFF, 0xFF, 0xFF, 0xFF, 0xFF, 0xFF, 0xFF, 
    0xFF, 0xFF, 0xFF, 0xFF, 0xFF, 0xFF, 0xFF, 0xFF, 0xFF, 0xFF, 0xFF, 0xFF, 0xFF, 0xFF, 0xFF, 0xF0, 
    0xFF, 0xFF, 0xFF, 0xFF, 0xFF, 0xFF, 0xFF, 0xFF, 0xFF, 0xFF, 0xFF, 0xFF, 0xFF, 0xFF, 0xFF, 0xFF, 
    0xFF, 0xFF, 0xFF, 0xFF, 0xFF, 0xFF, 0xFF, 0xFF, 0xFF, 0xFF, 0xFF, 0xFF, 0xFD, 0xFF, 0xFF, 0xFF, 
    0xFF, 0xFF, 0xFF, 0xFF, 0xE0, 0x03, 0xFF, 0xFE, 0x7F, 0xFF, 0xF0, 0xFF, 0xFF, 0xFF, 0xFF, 0xFF, 
    0xFF, 0xC0, 0x7F, 0xFF, 0x1F, 0xFF, 0xFF, 0xF8, 0x0F, 0xFF, 0xFF, 0x0F, 0xFF, 0xFF, 0xFF, 0xFF, 
    0xFF, 0xFF, 0xFF, 0xFF, 0xFF, 0xFF, 0xFF, 0xFF, 0xFF, 0xFF, 0xFF, 0xFF, 0xFF, 0xFF, 0xFF, 0xFF, 
    0xFF, 0xFF, 0xFF, 0xFF, 0xFF, 0xFF, 0xFF, 0xF0, 0xFF, 0xFF, 0xFF, 0xFF, 0xFF, 0xFF, 0xFF, 0xFF, 
    0xFF, 0xFF, 0xFF, 0xFF, 0xFF, 0xFF, 0xFF, 0xFF, 0xFF, 0xFF, 0xFF, 0xFF, 0xFF, 0xFF, 0xFF, 0xFF, 
    0xFF, 0xFF, 0xFF, 0xFF, 0xFF, 0xFE, 0xFF, 0xFF, 0xFF, 0xFF, 0xFF, 0xFF, 0xF8, 0x80, 0x3F, 0xFE, 
    0x7F, 0xFF, 0xE0, 0x7F, 0xFF, 0xFF, 0xFF, 0xFF, 0xE0, 0x05, 0xFF, 0xFF, 0xFF, 0xFF, 0xFF, 0xE0, 
    0x7F, 0xFF, 0xFE, 0x3F, 0xFF, 0xFF, 0xFF, 0xFF, 0xFF, 0xFF, 0xFF, 0xFF, 0xFF, 0xFF, 0xFF, 0xFF, 
    0xFF, 0xFF, 0xFF, 0xFF, 0xFF, 0xFF, 0xFF, 0xFF, 0xFF, 0xFF, 0xFF, 0xFF, 0xFF, 0xFF, 0xFF, 0xF0, 
    0xFF, 0xFF, 0xFF, 0xFF, 0xFF, 0xFF, 0xFF, 0xFF, 0xFF, 0xFF, 0xFF, 0xFF, 0xFF, 0xFF, 0xFF, 0xFF, 
    0xFF, 0xFF, 0xFF, 0xFF, 0xFF, 0xFF, 0xFF, 0xFF, 0xFF, 0xFF, 0xFF, 0xFF, 0xFF, 0xFE, 0x3F, 0xFF, 
    0xFF, 0xFF, 0xFF, 0xFF, 0xFC, 0x18, 0x0F, 0xFE, 0x3F, 0xFF, 0xF0, 0x7F, 0xFF, 0xFF, 0xFF, 0xFE, 
    0x00, 0xE5, 0xFF, 0xFF, 0xFF, 0xFF, 0xFF, 0x87, 0xFF, 0xFF, 0xFC, 0x7F, 0xFF, 0xFF, 0xFF, 0xFF, 
    0xFF, 0xFF, 0xFF, 0xFF, 0xFF, 0xFF, 0xFF, 0xFF, 0xFF, 0xFF, 0xFF, 0xFF, 0xFF, 0xFF, 0xFF, 0xFF, 
    0xFF, 0xFF, 0xFF, 0xFF, 0xFF, 0xFF, 0xFF, 0xF0, 0xFF, 0xFF, 0xFF, 0xFF, 0xFF, 0xFF, 0xFF, 0xFF, 
    0xFF, 0xFF, 0xFF, 0xFF, 0xFF, 0xFF, 0xFF, 0xFF, 0xFF, 0xFF, 0xFF, 0xFF, 0xFF, 0xFF, 0xFF, 0xFF, 
    0xFF, 0xFF, 0xFF, 0xFF, 0xFF, 0xFF, 0xEF, 0xFF, 0xF1, 0xFF, 0xFF, 0xFF, 0xFF, 0x87, 0x8F, 0xF3, 
    0x1F, 0xFF, 0xFC, 0x7F, 0xFF, 0xFF, 0xFF, 0xF0, 0x1F, 0xFF, 0xFF, 0xFF, 0xFF, 0xFF, 0xFB, 0xFF, 
    0xFF, 0xFF, 0xFF, 0xFF, 0xFF, 0xFF, 0xFF, 0xFF, 0xFF, 0xFF, 0xFF, 0xFF, 0xFF, 0xFF, 0xFF, 0xFF, 
    0xFF, 0xFF, 0xFF, 0xFF, 0xFF, 0xFF, 0xFF, 0xFF, 0xFF, 0xFF, 0xFF, 0xFF, 0xFF, 0xFF, 0xFF, 0xF0, 
    0xFF, 0xFF, 0xFF, 0xFF, 0xFF, 0xFF, 0xFF, 0xFF, 0xFF, 0xFF, 0xFF, 0xFF, 0xFF, 0xFF, 0xFF, 0xFF, 
    0xFF, 0xFF, 0xFF, 0xFF, 0xFF, 0xFF, 0xFF, 0xFF, 0xFF, 0xFF, 0xFF, 0xFF, 0xFF, 0xFF, 0xFF, 0xFF, 
    0xF8, 0xFF, 0xFF, 0xFF, 0xFF, 0xFF, 0xF8, 0x0F, 0x8F, 0xFF, 0xFF, 0x0F, 0xFF, 0xFF, 0xFF, 0x81, 
    0xFF, 0xFF, 0xFF, 0xFF, 0xFF, 0xFF, 0xF1, 0xFF, 0xFF, 0xFF, 0xFF, 0xFF, 0xFF, 0xFF, 0xFF, 0xFF, 
    0xFF, 0xFF, 0xFF, 0xFF, 0xFF, 0xFF, 0xFF, 0xFF, 0xFF, 0xFF, 0xFF, 0xFF, 0xFF, 0xFF, 0xFF, 0xFF, 
    0xFF, 0xFF, 0xFF, 0xFF, 0xFF, 0xFF, 0xFF, 0xF0, 0xFF, 0xFF, 0xFF, 0xFF, 0xFF, 0xFF, 0xFF, 0xFF, 
    0xFF, 0xFF, 0xFF, 0xFF, 0xFF, 0xFF, 0xFF, 0xFF, 0xFF, 0xFF, 0xFF, 0xFF, 0xFF, 0xFF, 0xFF, 0xFF, 
    0xFF, 0xFF, 0xFF, 0xFF, 0xFF, 0xFF, 0xFF, 0xFF, 0xFF, 0xEF, 0xFF, 0xFF, 0xFF, 0xFF, 0xFE, 0x00, 
    0xC3, 0xFF, 0xFF, 0xC0, 0xFF, 0xFF, 0xFE, 0x1F, 0xFF, 0xFF, 0xFF, 0xFF, 0xFF, 0xFF, 0xFF, 0xFF, 
    0xFF, 0xFF, 0xFF, 0xFF, 0xFF, 0xFF, 0xFF, 0xFF, 0xFF, 0xFF, 0xFF, 0xFF, 0xFF, 0xFF, 0xFF, 0xFF, 
    0xFF, 0xFF, 0xFF, 0xFF, 0xFF, 0xFF, 0xFF, 0xFF, 0xFF, 0xFF, 0xFF, 0xFF, 0xFF, 0xFF, 0xFF, 0xF0, 
    0xFF, 0xFF, 0xFF, 0xFF, 0xFF, 0xFF, 0xFF, 0xFF, 0xFF, 0xFF, 0xFF, 0xFF, 0xFF, 0xFF, 0xFF, 0xFF, 
    0xFF, 0xFF, 0xFF, 0xFF, 0xFF, 0xFF, 0xFF, 0xFF, 0xFF, 0xFF, 0xFF, 0xFF, 0xFF, 0xFF, 0xFF, 0xFF, 
    0xFF, 0xFF, 0xFF, 0xFF, 0xFF, 0xFF, 0xFF, 0xF0, 0x00, 0xFF, 0xFF, 0xF8, 0x1F, 0xFF, 0xB7, 0xFF, 
    0xFF, 0xFF, 0xFF, 0xFF, 0xFF, 0xFF, 0xFF, 0xFF, 0xFF, 0xFF, 0xFF, 0xFF, 0xFF, 0xFF, 0xFF, 0xFF, 
    0xFF, 0xFF, 0xFF, 0xFF, 0xFF, 0xFF, 0xFF, 0xFF, 0xFF, 0xFF, 0xFF, 0xFF, 0xFF, 0xFF, 0xFF, 0xFF, 
    0xFF, 0xFF, 0xFF, 0xFF, 0xFF, 0xFF, 0xFF, 0xF0, 0xFF, 0xFF, 0xFF, 0xFF, 0xFF, 0xFF, 0xFF, 0xFF, 
    0xFF, 0xFF, 0xFF, 0xFF, 0xFF, 0xFF, 0xFF, 0xFF, 0xFF, 0xFF, 0xFF, 0xFF, 0xFF, 0xFF, 0xFF, 0xFF, 
    0xFF, 0xFF, 0xFF, 0xFF, 0xFF, 0xFF, 0xFF, 0xFF, 0xFF, 0xFF, 0xFF, 0xFF, 0xFF, 0xFF, 0xFF, 0xFF, 
    0x88, 0x1F, 0xFF, 0xFF, 0x88, 0xFF, 0xFF, 0xFF, 0xFF, 0xFF, 0xFF, 0xFF, 0xFF, 0xFF, 0xFF, 0xFF, 
    0xFF, 0xFF, 0xFF, 0xFF, 0xFF, 0xFF, 0xFF, 0xFF, 0xFF, 0xFF, 0xFF, 0xFF, 0xFF, 0xFF, 0xFF, 0xFF, 
    0xFF, 0xFF, 0xFF, 0xFF, 0xFF, 0xFF, 0xFF, 0xFF, 0xFF, 0xFF, 0xFF, 0xFF, 0xFF, 0xFF, 0xFF, 0xF0, 
    0xFF, 0xFF, 0xFF, 0xFF, 0xFF, 0xFF, 0xFF, 0xFF, 0xFF, 0xFF, 0xFF, 0xFF, 0xFF, 0xFF, 0xFF, 0xFF, 
    0xFF, 0xFF, 0xFF, 0xFF, 0xFF, 0xFF, 0xFF, 0xFF, 0xFF, 0xFF, 0xFF, 0xFF, 0xFF, 0xFF, 0xFF, 0xFF, 
    0xFF, 0xFF, 0xFF, 0xFF, 0xFF, 0xFF, 0xFF, 0xFF, 0xFE, 0x07, 0xFF, 0xFF, 0xF8, 0x9F, 0xFF, 0xFF, 
    0xFF, 0xFF, 0xFF, 0xFF, 0xFF, 0xFF, 0xFF, 0xFF, 0xFF, 0xFF, 0xFF, 0xFF, 0xFF, 0xFF, 0xFF, 0xFF, 
    0xFF, 0xFF, 0xFF, 0xFF, 0xFF, 0xFF, 0xFF, 0xFF, 0xFF, 0xFF, 0xFF, 0xFF, 0xFF, 0xFF, 0xFF, 0xFF, 
    0xFF, 0xFF, 0xFF, 0xFF, 0xFF, 0xFF, 0xFF, 0xF0, 0xFF, 0xFF, 0xFF, 0xFF, 0xFF, 0xFF, 0xFF, 0xFF, 
    0xFF, 0xFF, 0xFF, 0xFF, 0xFF, 0xFF, 0xFF, 0xFF, 0xFF, 0xFF, 0xFF, 0xFF, 0xFF, 0xFF, 0xFF, 0xFF, 
    0xFF, 0xFF, 0xFF, 0xFF, 0xFF, 0xFF, 0xFF, 0xFF, 0xFF, 0xFF, 0xFF, 0xFF, 0xFF, 0xFF, 0xFF, 0xFF, 
    0xFF, 0xFE, 0x3F, 0xFF, 0xFF, 0xFF, 0xFF, 0xFF, 0xFF, 0xFF, 0xFF, 0xFF, 0xFF, 0xFF, 0xFF, 0xFF, 
    0xFF, 0xFF, 0xFF, 0xFF, 0xFF, 0xFF, 0xFF, 0xFF, 0xFF, 0xFF, 0xFF, 0xFF, 0xFF, 0xFF, 0xFF, 0xFF, 
    0xFF, 0xFF, 0xFF, 0xFF, 0xFF, 0xFF, 0xFF, 0xFF, 0xFF, 0xFF, 0xFF, 0xFF, 0xFF, 0xFF, 0xFF, 0xF0
};

// The silhouette's top edge: per column, the height above the bitmap's
// bottom edge of its highest ink, 0 where the art has none. Read by
// GnssSkyView::ridgeHeight() so the horizon that is drawn and the horizon
// that is reasoned about cannot disagree.
//
// uint16_t, not uint8_t: the art is taller than 255 px at this width, and
// a byte silently wrapped a 274 px peak to 18 (caught 2026-09-10).
static const uint16_t MountainsTop[700] = {
    0, 183, 184, 184, 185, 185, 186, 186, 187, 187, 187, 188, 189, 189, 190, 191, 191, 192, 193, 193, 
    194, 195, 196, 196, 197, 198, 199, 200, 200, 201, 202, 203, 204, 204, 204, 204, 204, 204, 204, 204, 
    204, 204, 205, 205, 206, 206, 207, 207, 208, 208, 209, 209, 210, 211, 211, 212, 212, 213, 213, 214, 
    215, 216, 216, 216, 217, 217, 218, 219, 219, 220, 221, 222, 223, 224, 225, 225, 226, 227, 228, 229, 
    229, 230, 231, 231, 232, 232, 232, 231, 230, 229, 228, 227, 226, 226, 225, 224, 223, 222, 222, 221, 
    221, 220, 220, 219, 218, 218, 219, 219, 220, 220, 221, 221, 221, 222, 222, 223, 224, 224, 225, 225, 
    225, 225, 224, 223, 222, 222, 221, 221, 220, 203, 219, 220, 219, 219, 218, 217, 216, 221, 222, 223, 
    224, 224, 225, 225, 226, 227, 227, 228, 228, 229, 229, 230, 230, 231, 232, 233, 234, 236, 237, 238, 
    238, 239, 240, 241, 241, 242, 243, 244, 245, 246, 247, 248, 249, 250, 250, 251, 251, 250, 250, 250, 
    251, 251, 252, 252, 253, 254, 255, 256, 256, 257, 258, 258, 259, 260, 261, 261, 262, 263, 264, 265, 
    265, 266, 267, 267, 266, 265, 263, 262, 260, 259, 258, 257, 256, 255, 254, 254, 252, 251, 250, 249, 
    248, 246, 245, 244, 243, 242, 241, 240, 239, 239, 238, 238, 238, 237, 237, 237, 236, 234, 233, 232, 
    231, 230, 229, 228, 227, 226, 225, 224, 223, 222, 222, 221, 221, 220, 219, 218, 217, 217, 217, 217, 
    217, 217, 217, 217, 217, 217, 218, 218, 218, 218, 217, 216, 215, 214, 213, 213, 212, 211, 211, 211, 
    211, 210, 210, 209, 208, 207, 206, 206, 205, 205, 170, 204, 187, 204, 203, 203, 202, 201, 201, 200, 
    199, 199, 198, 197, 197, 63, 61, 164, 199, 199, 61, 61, 198, 198, 163, 72, 199, 198, 197, 197, 
    196, 74, 74, 74, 75, 55, 75, 192, 192, 192, 53, 77, 77, 77, 77, 51, 76, 76, 51, 51, 
    50, 75, 75, 75, 72, 72, 75, 74, 74, 74, 75, 75, 47, 47, 76, 76, 77, 77, 77, 77, 
    78, 78, 78, 79, 79, 79, 80, 183, 183, 81, 81, 82, 82, 82, 82, 187, 187, 187, 187, 188, 
    189, 189, 190, 191, 191, 192, 193, 193, 194, 194, 195, 196, 196, 197, 198, 199, 200, 200, 201, 202, 
    203, 203, 204, 204, 204, 205, 205, 205, 206, 207, 208, 208, 209, 210, 210, 211, 211, 212, 213, 213, 
    214, 215, 215, 216, 215, 215, 214, 214, 214, 214, 213, 213, 213, 214, 215, 215, 215, 216, 217, 217, 
    218, 219, 219, 220, 221, 222, 223, 224, 225, 225, 225, 226, 227, 228, 229, 230, 230, 231, 232, 233, 
    233, 233, 232, 231, 230, 230, 230, 229, 229, 228, 228, 228, 229, 229, 230, 231, 232, 233, 234, 235, 
    235, 236, 238, 239, 239, 240, 241, 242, 242, 242, 241, 241, 242, 242, 242, 243, 243, 244, 245, 246, 
    247, 248, 248, 249, 250, 251, 252, 253, 253, 254, 254, 254, 255, 255, 256, 257, 257, 258, 259, 260, 
    261, 262, 263, 264, 265, 266, 267, 268, 269, 270, 271, 272, 273, 274, 274, 273, 272, 271, 270, 269, 
    268, 267, 266, 265, 264, 263, 262, 261, 260, 258, 257, 256, 255, 255, 254, 254, 253, 253, 252, 252, 
    252, 251, 250, 248, 246, 245, 244, 242, 241, 239, 237, 236, 235, 234, 234, 233, 232, 231, 231, 230, 
    229, 228, 228, 228, 227, 227, 227, 227, 226, 226, 225, 224, 223, 222, 220, 219, 217, 216, 215, 214, 
    213, 212, 215, 216, 216, 216, 217, 217, 218, 218, 219, 219, 220, 220, 221, 222, 222, 223, 223, 224, 
    224, 225, 226, 226, 227, 228, 227, 227, 226, 225, 224, 223, 222, 221, 220, 219, 219, 218, 217, 216, 
    215, 214, 214, 213, 212, 211, 211, 210, 210, 210, 210, 210, 210, 211, 211, 210, 209, 208, 207, 207, 
    206, 205, 204, 203, 202, 201, 201, 200, 199, 198, 197, 197, 183, 196, 196, 195, 195, 194, 194, 193, 
    194, 193, 193, 192, 192, 191, 190, 126, 188, 187, 187, 186, 0, 184, 183, 0, 0, 182, 181, 181
};
